symbol,lasttradepriceonly
IRBT,33.19
BXMT,28.2
AGO,26.41
CTS,18
TGB,0.67
HF,38.14
JBT,35.6
MIDD,104.76
GSM,19.23
HTLF,33.22
TSM,23.23
CHSP,33.52
MRC,12.39
FGEN,30.65
LVNTA,41.78
SUI^A,0
GFY,16.49
IKNX,15
TMST,25.91
BGS,29.59
CGEN,7.65
FFIV,115.02
TILE,20.4
RDVY,22.16
WTM,681.99
SWFT,26.02
DLTR,82.83
NSC,102.96
WRLD,72.92
MQT,13.49
OPB,30.67
JCE,16.98
GHM,23.97
BBP,31.706
FRPT,18.72
JE,4.62
HEI,60.65
NTP,4.01
GILD,101.41
CIB,40.5
FCZAP,35
LOAN,3.76
WLK,71.67
VCYT,7.59
HLIT,7.61
GJV,25.82
SYNL,14.5
INTX,3.3901
CSCD,13.59
NQ,3.83
JCOM,69.95
TMK,54.98
HCBK,10.42
HSNI,68.51
RPXC,14.72
BBBY,75.37
HW,18.09
VBLT,4.63
DIN,105.87
VLY,9.46
MRD,17.82
CUNB,22.74
PIM,4.89
ORM,14.95
LOJN,2.9
FOMX,10.13
GTU,40.864
ADP,86.965
ARN,25.12
GIGA,1.5
CHLN,0.38
HCI,47.16
AVT,43.82
TD,43.23
VGI,16.829
FWP,22.5
ACAS,15.06
ARTX,3.23
WABC,42.7
WFC,53.94
AGEN,5.25
TCBI,48.27
GLOP,24.12
QEP,20.88
UVE,26.48
CVC,17.99
DTUL,61.4
EGOV,17.8
ENB,47.59
EA,57.96
WDC,92.35
CLRB,2.74
GST,2.65
EDU,23.16
CLVS,75.095
XOM,84.46
ITEK,5.94
AVD,10.7
EPRS,9.25
SEIC,44.13
AIMC,27.02
GVP,1.46
VNRX,4.2196
BLH,15.04
SYF,30.41
ARII,50.54
GDV,21.08
SBNY,130.39
NATI,32.31
PXD,166.88
HERO,0.4346
BRKS,12.255
BHB,32.85
SXCP,21.38
RGR,49.48
CBMG,46.91
SONS,7.99
RWT,18.16
IFN,28.45
UPL,15.88
BCLI,4.5
LWAY,21.35
NTZ,1.64
OB,15.25
ONP,1.8398
TWOU,25.52
PLUS,88.42
LCUT,15.91
ALJ,16.68
NXZ,14.18
BX,39.04
VTG,0.312
VIIZ,17.57
TISI,38.97
GURE,1.65
BOBE,46.76
SEMI,26.46
ROVI,18.03
CNCE,14.49
AEE,42.37
EAT,61.19
THRX,15.82
TWI,9.08
UNH,117.45
SWAY,25.84
EXFO,3.68
ARO,3.4
MFM,6.71
IMMR,9.18
ELS,54.63
OPK,14.27
UPIP,0.5699
CAS,3.49
HSON,2.71
OMCL,34.7
ERI,5.02
NQP,13.97
CRC,7.95
FBIZ,45.28
IRR,8.85
ENDP,89.51
JIVE,5.09
ASBI,16.26
ALGT,194.89
C,51.62
SPIL,8.11
ITCI,27.89
LEE,3.16
CRF,22.458
HCA,74.85
HLT,29.28
GEVO,0.267
EDD,9.27
DMB,12.76
OFED,20.02
YPRO,23.68
TGC,0.227
TUES,16.83
TWC,151.81
XENT,26.23
AGNC,21.76
BCOR,14.5
HR,27.84
TPVG,14.07
GTN,13.92
CLACU,10.3
WNS,23.95
IIJI,10.47
FHCO,3.05
DSKX,0.86
RYI,6.08
FLTX,44.34
EGBN,38.39
MBWM,19.65
TTF,8.85
GES,18.23
SNR,16.63
EVRY,1.04
PWR,28.4
USAC,20.86
PFS,18.75
KYO,54.2
CFNB,14.27
WMAR,9.24
DCUC,49.61
BAF,14.76
TXMD,6.37
FRT,146.43
GAME,6.51
VRTS,136
PBI^B,0
WMB,50.05
NTX,14.29
UBNT,27.95
HEP,31.25
NLNK,53.94
PRGN,0.8301
CCCL,1.2227
LII,111.94
AGND,44.38
PTBIW,0.93
EARN,16.47
LOR,12.59
TW,129.57
ADVS,44.15
GPIC,11.74
INOV,31.56
CRDT,75.5
SNPS,46.32
GSJ,27.07
GLO,12.62
BGMD,0.92
KLAC,62.97
GNCA,11.97
DLA,12.8
IMPR,13.86
STS,7.75
CASS,53.72
CACGW,0.37
LBTYK,50.78
CBAY,8.65
MNGA,0.789
EURN,12.61
PEIX,11.15
UACL,24.95
TGH,30.11
MUC,14.74
DEX,11.37
AXPWW,0.03
POOL,68.97
PE,16.56
IEH,28.36
GLP,34.79
ZFC,17.75
PLPM,1.85
HCACW,0.75
TMHC,20.46
PCL,43.49
TOL,39.13
EXD,12.87
RBC,79.34
NPK,64.71
SYK,91.18
DCOM,16.23
PKO,25.67
NATR,13.01
FLO,22.96
CFNL,20.18
TNC,64.99
PKE,21.75
EGT,1.83
ALX,459.02
PPO,58.98
BDGE,25.87
OMC,77.68
CSFL,12.09
FSP,12.84
JGBB,49.31
MNTX,9.58
PCYO,5
WDR,49.63
CARO,13.05
T,32.89
KTH,32.55
ATE,12.55
CDNA,5.9
WLRH,10
VET,43.16
XPO,46.32
HGR,23.22
JMPC,25.51
BIND,6.03
CLR,45.66
GFI,4.25
RES,13
BIDU,213.6
CBSH,42.43
PBI,23.59
PH,118.41
VIMC,9.22
PTX,10.58
IAG,2.03
SLTC,6.64
MHFI,104.91
PRGO,163.99
ARIA,8.38
SQI,16.25
OWW,11.67
UBNK,12.69
ATHM,44.03
CTR,19.95
WLT,0.64
MSLI,2.11
POR,37.1
HTLD,24.52
ACH,12.85
FII,33.75
SJR,22.31
SPWH,7.97
CPLA,68.32
MHNB,26.689
EMEY,27.21
ECA,11.3
LAYN,4.77
SKIS,6.23
PQ,2.34
DCIX,2.59
VOXX,8.85
NP,62.09
KOF,79.99
AMDA,0.565
DHI,28.25
AT,2.77
CYTR,3.51
WNR,49.5
PMCS,9.24
PHF,7.45
LRAD,2.3
PRMW,5.24
ABC,112.03
FDML,12.87
TCS,18.73
TYG,42.15
PG,82.32
CBT,44.89
EXPO,89.51
SNN,33.95
STR,23.92
SALE,17.61
ARCC,17.17
PARN,4.95
HVB,25.75
CRIS,2.62
VXUS,50.75
FRED,18.77
PRGX,3.93
NSTG,10.99
NTI,25.46
OLP,24.41
MNE,14.01
PFLT,13.99
TPUB,19.42
NR,9.25
WATT,9.28
DOC,17.66
PVCT,0.8
VCV,13.37
EAD,8.86
WHF,12.55
SMCI,33.72
CDTI,1.8
IILG,26.58
SONC,30.99
APT,2.27
BBSI,43.81
ARTW,4.65
TCO,76.47
SERV,34.19
LDRH,37.72
VTWG,109.96
TSEM,17.4
BOE,13.82
TRCO,60.81
RRC,51.63
PRGS,26.99
NIO,14.71
ENV,55.52
KMX,68.39
CKEC,33.77
OVAS,31.15
CBAK,3
BOKF,60.56
VUSE,27.37
PDLI,7.17
PFL,11.45
NCMI,15.15
NGD,3.68
GLW,22.25
CLFD,15.01
PETS,16.25
IR,67.05
AMPH,15.33
PFPT,57.73
TMUS,31.64
RENT,53.84
LEVYU,12.1
SYA,23.57
FSCE,24.9
COH,41.62
OCR,76.38
LULU,63.3
DBD,34.56
RAS,6.98
GCI,36.81
EXXI,3.82
PEI^A,0
ECTE,2.56
FMSA,7.76
SNMX,4.46
NDSN,76.72
WLRHU,10.55
FMS,41.6
ASGN,38.5
BERY,36.14
SSB,69.07
CNA,41.41
ASR,140.61
ARE,96.78
RCMT,6.56
VIA,67.76
IBA,50.91
IQNT,16.25
TK,46.22
PMBC,7.21
STT,73.45
KATE,33.05
VASC,30.14
APTO,5.71
QQEW,43.52
VALU,14.3
KE,13.7
TISA,3.32
OPXA,0.5107
IDRA,3.98
UNTY,9
BBEPP,21.24
M,65.45
STAA,7.32
MHD,17.49
CISAW,0.245
ININ,43.77
QLYS,47.05
ASTI,1.29
GBX,58.65
CPHI,0.34
SAAS,10.99
TLP,33.6
SKM,27.78
PBCT,15.09
EXG,9.67
KW,26.54
SPW,85.21
JMEI,15.46
DOOR,67
PENX,18.98
UNM,33.38
TSO,91.31
PRSC,52.16
DBVT,23.42
BIG,48.39
TRP,42.6
LMCK,38.73
MAMS,5.45
QCOM,69.43
ITI,1.85
IGC,0.45
NE,14.45
TAI,20.28
FBNC,17.83
PMT,21.4
SNP,80.23
AHP,16.99
ZIXI,3.98
LXK,42.1
PLCM,13.34
PHH,24.27
NWS,15.93
GEB,25.45
MFSF,23.25
AWX,2.752
BDN,15.78
GNTX,18.54
IBOC,25.91
CHKE,18.7
ATNM,2.51
PSCT,52.39
CERS,4.22
IMMU,4.16
OMI,33.5
SGRP,1.45
CNTY,5.48
TTGT,11.51
BCPC,56.52
TXTR,26.9
CU,16.79
NNP,14.69
CCBG,16.05
OCIP,16.57
PCTI,7.77
ORBK,16.06
CMPR,83.7
GLDD,6.1
OMER,21.95
ZAZA,1.47
NXC,15.56
CSH,22.87
CTRX,49.55
MMC,56.17
ZEUS,13.55
NEON,3.19
SCHW,29.93
PHK,12.58
HIBB,50.85
PAI,13.91
THO,62.97
NPT,13.4
CLACW,0.95
IG,8.22
DRYS,0.85
PLAY,29.76
MZA,16.43
BFK,14.66
GIMO,20.76
BTN,4.57
VNO^J,0
NOG,8.01
IGOV,92.49
CBNJ,9.61
HAR,132.22
LEVYW,2.2
ABGB,17.3
CPSS,6.93
KIO,16.56
ROSE,17.39
HCLP,35.65
STAR,13.22
NYLD,50.84
IHC,13.65
MEP,13.8
EBMT,10.79
VIVO,18.88
CARB,14.33
FBR,13.93
AFAM,42.05
MOD,13.5
MNP,15.59
CARV,4.65
AGII,50.36
PNRG,53.5
RUK,68.4
ACU,18.34
OREX,7.68
CWCO,9.84
TCCO,4.2399
PPSI,8.58
PINC,37.76
ECHO,27.72
CLIR,5.25
CKX,14.64
GSK,46.69
ADSK,61.07
SLXP,172.81
TRK,22.98
MRCC,14.73
MOFG,28.71
HAE,44.46
AYR,22.91
KOOL,0.8001
JD,29.74
ACPW,2.32
SARA,0.2
FIBK,27.07
TSI,5.37
TROW,81.6
FUL,42.98
SYUT,6.71
ROIA,3.01
KOSS,2.3999
AFL,63.57
JSM,22.6
ZFGN,37.68
MRNS,8.8967
DSL,20
PEBK,18.68
RXII,0.705
ASND,17.98
ESCR,0.34
INFA,44
SIBC,21
FCFS,49.41
UNP,107.34
JLS,23.35
BGG,20.4
PACW,46.51
XUE,2.68
TY,21.56
RGA,93.25
NSP,52.84
CFRX,4.9728
HK,1.64
IEC,3.65
CALI,1.2574
EXCU,48.02
SFY,2.17
OIIM,2.62
CAW,3.19
GLBZ,13.16
ADT,41.66
NBR,14.08
EVC,6.39
HTBX,6.79
AVY,52.98
RJD,27.06
RTI,36.18
ETAK,0.385
QYLD,23.16
CBRX,6.52
BDX,141.95
CLNY,26.19
HZO,25.64
JASN,6.97
SPA,24.78
TANO,26.16
BAC,15.41
FCCO,11.78
ELLO,8.39
ARLP,33.66
NMFC,14.53
GHDX,31.64
PEO,23.15
TFX,119.6
X,23.85
ARCW,6.59
EXC,32.85
FFWM,19.4
MARPS,11.4
PML,12.54
FSBK,8.05
AMX,21.33
HCN,77.2
MRVL,14.97
CRDS,2.73
NSU,3.43
ERII,2.89
BOFI,95.13
AKG,1.56
UBS,19.14
BHV,17.46
ISTR,16.945
TAP,74.51
ST,56.94
EFC,19.9
BBG,8.43
DRNA,25.04
LIQD,0.315
CHSCO,28.53
ALDR,29.15
IRIX,10.19
RALY,15.54
DMRC,22.89
PCH,39.75
NNVC,2.29
TRNS,9.75
GHY,16
ELJ,25.25
LTRE,1.4601
PWOD,47.6
IFV,19.6
DPM,36.51
SLMAP,49.3
MYN,13.45
TSRO,56.25
ARR,3.19
AME,52.28
EVHC,38.32
LAWS,24.09
NML,17.67
STE,68.64
IACI,67.7
SUPN,12.76
CWEI,50.5
WRE,27.63
YGE,1.87
PFO,12.295
CFGE,11.09
MWW,6.25
COF,79.87
TZF,28.95
KMB,106.85
NRIM,24.44
HD,113.13
OXLCP,25.86
MAR,82.25
KFI,27.4
MDSY,3
CAMP,17.31
IGI,21.06
GEN,7.08
GRBK,8.23
PDEX,2.06
CM,72.47
UDR,33.73
ECOM,9.5
INDB,44.28
CUK,48.59
LARK,26.38
NHTB,15.64
CAMBW,0.26
CROX,12.21
FSNN,3.801
ONCY,0.73
CRESY,14.72
PYS,24.57
NPP,14.91
BCOV,7.67
INGN,31.6
SYY,37.53
BLCM,24.03
LXU,40.8
JDSU,13.48
CAE,11.87
NWBI,11.83
PCMI,9.74
AMRK,10.25
CNLM,9.8501
MERU,1.46
UFPT,23.07
HIG,41.79
OGS,43.54
HPI,21.27
CFI,27.7
HTF,25.21
ADK,4.2
HBK,13.35
RRMS,47.5
DCO,25.78
TSRA,40.7
CHI,13.13
MHN,14.06
THTI,1.02
TSC,10.52
AEGR,26.51
BLVDW,0.7
ELA,25.56
OSM,24.64
FLKS,21.53
PEI,23.04
TNGO,13.44
CSX,33.45
MGN,0.4666
UBSI,37.5
FR,21.33
ETG,16.92
ATLO,24.81
PBYI,231.58
MHI,14.45
GGZ,10.71
FLWS,12.64
CLM,21.345
PPL,33.67
XONE,13.52
LOCK,14.19
TEN,56.15
LFC,68.25
CNNX,18.27
HPY,48.66
ONVI,4.63
DWCH,6
ACST,0.4901
CPPL,28.1
BLX,34.06
ETFC,27.59
DNKN,48.26
LUB,5.34
NAVI,20.24
TROX,20.6
GGN,7.05
SGMS,10.65
OSBC,5.9
HTH,19.39
NXPI,99.75
ACLS,2.51
EDR,34.8
RPAI,15.94
ATAX,5.66
CDC,36.49
XXII,0.8303
NKE,99.55
IFT,6.94
UCFC,5.49
KSU,102.98
SBNB,24.8
MBUU,22.63
BABA,82.36
MEA,0.413
CGNX,49.18
SBAC,119.48
AGIIL,25.146
FISV,79.6
MSON,12.98
ARCO,5.29
HDS,30.77
AGU,104.09
OGE,31.83
SPXX,13.94
CXH,9.48
VOLC,17.99
SUMR,2.75
SHLO,13.9
CTY,25.02
MNOV,3.55
MIW,13.658
PED,0.6001
QABA,36.6
QVCA,28.82
GBDC,17.55
PNBK,15.4
CAC,38.81
ARTNA,21.5
CRR,30.72
SAIC,52.26
FSAM,11.53
MELR,13.55
PFIS,43.76
BGB,16.24
CNI,66.4
NPN,15.21
MCD,96.29
DFRG,19.86
AMH,16.54
WIN,7.77
MWA,9.86
CBLI,3.64
CMFN,13.3
WERN,31.42
SVBI,4.87
BBK,16.59
MKL,770.85
OFIX,37.67
NPM,14.17
HOV,3.59
GORO,3.49
FIZZ,24.19
ISR,1.53
QRM,0.18
PROV,16.04
DRAM,2.34
ALNY,110.06
TEP,50.41
VBFC,17.3
MODN,12.13
IHT,2.69
FLC,20.16
FCB,27.19
OHAI,5.25
CLV,5.21
MD,71.48
DXJS,34.34
SKBI,3.75
PNR,62.99
BAS,7.2
JOEZ,0.2173
EVY,13.82
MJI,14.6
QUMU,13
KIRK,23.94
PLD,43.39
FCO,9.36
TCBK,24.52
DGLY,14.05
CXO,118.13
HEB,0.2211
NEWM,23.75
SMTP,5.05
CHMG,28.32
LF,2.28
RNA,18.65
PSA^R,0
RIBTW,1.16
ERIE,89.43
NXTDW,1.23
SOXX,93.41
TREX,54.21
BALT,1.5
HTHT,18.72
DSKY,7.55
FSFG,27.5
PRK,86.09
SAR,15.84
GRR,11.8
RTIX,5.03
PYN,10
CVG,22.95
FCAP,23.93
EZCH,20.385
WMGI,25.87
RLD,12.92
CIA,6.14
DXGE,31.43
BORN,1.14
EFUT,4.03
LLY,71.53
THFF,36
GLDI,11.82
HYZD,23.76
KBR,14.41
MYOS,4.7399
UHT,55.46
EHI,11.1
INTG,19.529
RPTP,9.98
AES,12.83
EXLP,25.7
MITL,10
RAX,51.33
UTX,115.92
QLTY,10.32
BFZ,15.54
ULTA,150.98
BURL,58.04
PFNX,16.91
TSBK,10.71
DWA,22.74
CAT,79.64
WLDN,13.4
VICR,15.37
RVP,4
WPC,68.03
MFD,16.43
MGI,8.7
FOXA,35.07
QURE,23.535
GOOD,18.68
SKYY,29.11
MFLX,19.11
HIX,8.1
HALO,13.89
LBF,8.3245
ASML,110.39
HAWKB,33.34
MINI,42.3
FNWB,12.47
LC,19.09
BKSC,14.95
MRIN,6.29
ABY,33.38
SHIP,0.7309
OVBC,22.51
BDL,32.2
DRC,80.69
PENN,15.56
ENSG,47.17
HOTR,2.3394
BLMT,19.19
CG,27.07
NYV,14.98
GG,19.01
NS,62.02
MDLZ,36.295
NICK,14.37
AMAG,56.9
KODK,19.05
RHT,75.39
CPST,0.6457
SCX,20.3
COWN,5.35
HTBK,9.12
KBSF,4.2
WRT,25.7
FDEF,32.58
TRTLW,0.323
CAMB,9.85
NVAX,8.3
BKT,6.46
JEQ,8.06
SPNS,8.5
KORS,64.08
TLOG,4.4
KEX,74.63
BPK,15.99
SLH,51.54
AFOP,17.41
EMC,25.47
OMG,30.87
KMI,41.92
TGP,37.7
ANTH,4.78
CVBF,15.66
WHR,201.39
DISCK,31.15
CST,43.94
BFAM,52.05
AVAL,9.27
BFIN,12.85
UNT,27.96
AF,12.94
ITC,36.35
TRNX,26.2
VRNGW,0.06
JYNT,7.69
BNCL,11.1
HBCP,21.25
KRNY,13.93
SFBC,19.66
HE,32.02
INFY,34.64
MFC,16.86
KF,40.49
HT,6.52
TGD,0.7001
XCO,1.98
AHC,8.28
YNDX,15.77
BSFT,34.44
BUSE,6.61
PNY,37.11
NOV,49.92
NHS,12.4
TDW,19.3
KCG,12.44
VKQ,12.83
CPAC,7.56
EVBS,6.29
EMZ,26.12
UNXL,6.82
IDTI,21.495
TOF,4.39
TRNO,22.86
RNG,15.35
SAN,7.52
DAEG,0.61
HAYN,44.69
SJM,115.48
AFT,17.73
LYV,25.31
AMRB,9.6
SPHS,0.59
CRVL,35.25
AFB,13.62
SBGL,8.65
AMBR,9.04
FITBI,28.533
WPCS,0.1899
MENT,24.34
MBTF,5.6985
GGACW,0.128
ZBK,27.7
MCP,0.3868
AYN,13.97
KSM,13.82
AXTI,2.75
VRTU,40.99
APO,21.49
QVCB,29.45
MRKT,27.18
SPPR,1.718
TEL,71.08
CGO,13.65
IPAR,33.15
MTU,6.31
BELFB,19.43
PKG,76.79
DEA,16.2
DKL,43.11
INDY,31.59
EXR,67.34
WFT,12.7
ADX,13.84
CCC,21.22
DSGX,15.1
FCEL,1.29
MFT,13.96
ANSS,87.84
OCAT,6.14
LKFN,41.15
CX,9.44
HMNF,12.13
RBCAA,24.8
NDAQ,50.455
AHH,10.7
WPPGY,112.81
LOW,74.39
CLBH,9.55
AVX,14.36
PAA,48.72
GSOL,5.61
NSYS,5
CTBI,33.22
BRN,2.45
RSG,40.03
IHG,39.39
TDS,25.17
ACE,110.99
APRI,2
CCF,43.49
CCIH,8.74
WWAV,44.48
RNF,14.88
GNI,8.14
HIFR,29.81
ALQA,5.26
ITT,40.14
MVNR,17.78
BOX,18.65
AMRI,18.5
WHFBL,25.3
OCRX,4.69
LION,17.12
SRCL,138.8
BLDR,6.44
STI,40.84
USB,43.49
AXE,76.57
FMN,14.85
KZ,5.53
HRTX,15.09
WLFC,18.88
CCCR,2.9801
SGL,8.49
SDRL,9.35
CCS,19.5
RE,173.1
MSK,25.57
NPBC,10.82
WSH,48.37
SURG,5.4
BPL,75.27
APDN,3.35
FTF,12.25
NVDQ,15.95
PEG,41.26
RYAAY,66.03
ALTR,35.77
CGIX,7.84
AMOV,21.01
BRDR,6.27
FUR,16.3
PSCF,41.68
KAMN,42.34
VUZI,5.62
HQY,25.97
BIB,170.49
DMO,24.02
PPG,224.46
CLUB,6.7
SPLP,18.98
GIG,1.27
MGRC,33.02
QQQC,22.97
HIMX,6.84
AOS,65.24
ADRD,23.93
GDOT,16.28
FDO,79.27
KT,13.3
HCP,43.6
KLIC,16.1
ADNC,4.93
MCUR,9.23
PATK,62.93
PAAS,9.18
OXGN,1.46
ALLY,20.65
EVOK,7.15
TKMR,17.55
AMSWA,10.26
BKE,50.68
SOL,1.5
EMAN,2.3
QLTI,3.83
RBS^F,0
MANH,51.76
CHKP,83.78
SEP,51.75
ENR,139.89
PHG,28.57
SASR,26.65
EEFT,57.38
SRF,5.27
NVEC,68.87
PARR,23.86
PRY,25.43
UPI,1.22
DRWIW,0.0251
SIFI,12.12
CNSI,20.64
EQCO,24.29
CEF,12.12
ZU,13.45
TAYD,12.07
PRLB,71.5
MYE,17.63
MDXG,10.45
EL,83.16
NOK,7.55
WAYN,13.35
VRNT,62.3
WAC,16.08
GBR,2.03
TDJ,25.828
HY,74.37
CE,55.42
CTV,26.3
GMO,0.5095
AMS,2.38
HOLI,20.16
PNFP,44.25
GCAP,9.75
SSY,1.7
LFUS,99.73
MCF,22.36
MOC,1.92
FMER,19.07
BAA,0.2065
IEX,75.25
SYN,2.16
RCAP,10.53
TIVO,10.65
MEN,11.67
AREX,7.03
ABT,45.89
CFP,15.86
DSX,6.02
NAN,13.89
QDEL,26.15
ZOES,32.24
TPRE,14.29
CERN,73.97
MIND,4.58
HST,20.26
CAR,57.8
PLXS,41.26
NSL,6.69
CAF,33.63
LMOS,15.58
CEO,144.76
EGF,13.89
WSCI,5.98
CYH,51.54
FFA,14.31
KITE,67.03
NSIT,28.51
GASS,6.84
SWIR,33.01
NKG,12.99
MHG,11.47
MWR,25.64
DMLP,24.32
AFFX,12.92
NEWP,19.01
AEY,2.3755
ICA,3.25
TTS,11.73
SKYW,14.53
AUPH,4.9001
PLKI,59.76
ALB,52.57
SFN,25.68
HEOP,8.49
FNFG,8.83
TIME,22.4
ROSG,2.95
PCYC,255.09
NWLI,256.97
BSMX,11.18
ENX,12.71
FRS,27.4
ROYT,3.94
NVMI,11.58
IRET,7.3
CSIQ,36.03
RLJE,1.285
BBCN,14.24
WVFC,12
AERI,31.08
TECU,2.65
UTHR,174.41
ACT,296.43
GAINP,25.69
HPJ,4.48
JPEP,11.06
MLM,138.1
CYNO,31.25
WVVI,5.95
RRST,7.233
XIV,34.66
SSL,34.11
NBG,1.24
MSF,15.06
QRHC,1.2
RAI,70.33
PDCO,48.17
ECC,20.96
BRC,27.99
WOR,27.5
ICLR,70.77
GWB,22.3
UQM,1.11
VRNG,0.65
FRD,6.22
IMI,1.63
KLXI,39.65
DIAX,15.11
BOXC,22.75
MSTX,0.4605
NVSL,9.11
TWER,2.28
ULTR,1.41
TAOM,2.62
XNET,6.36
BLL,70.3
LTC,46.05
GBCI,25.22
MUJ,14.75
EMJ,13.26
GNVC,3.34
NAUH,3.32
SO,44.62
GWW,231.88
SCTY,50.48
LYG,4.73
HUSA,0.1999
CVCY,11.53
CVS,102.26
HDRAR,0.37
BLOX,23.61
BCR,165.24
NWL,39.98
IP,54.9
PAH,24.9
RCON,1.75
IKAN,2.81
LAD,96.96
HGH,30.78
FC,19.21
VCO,41.5
LXP,9.84
ISP,25.36
IIVI,18.3
VRTB,3.4659
GNMA,50.53
MRLN,20
MTGE,18.08
ICE,230.92
ETW,11.81
AIB,25.42
ARMH,53.21
TROVW,4.19
TWX,82.8
WST,56.89
LTRX,1.84
BSF,9.97
DATA,90.97
RUTH,15.66
SXE,14.35
BPTH,1.79
NDLS,17.38
POST,46.95
AVNU,12.5
ECL,113.54
QTEC,43.18
MXF,21.85
AUMA,9.97
TTM,45.99
TAHO,11.5
UIS,23.12
IRWD,16.11
PRAN,1.12
IRC,10.66
SXI,82.46
GIL,29.86
UNFI,75.6
HSTM,25.42
WWD,50.91
NETE,1.18
HTS,18.25
CPAH,0.4868
PMFG,4.8
AAU,0.9
MPWR,51.99
ARUN,24.55
ISDR,8.48
JCP,8.9
TTPH,36.7
CQP,30.5
VIPS,29.31
ATR,63.65
SBBX,11.25
ARCPP,23.59
VHC,6.01
W,31.36
SYMC,23.33
PRTA,39.06
ELB,25.2
VIV,15.32
NSSC,5.7
BPFHW,5.65
CP,183.82
SNX,72.61
CNS,40.55
IVAC,6.56
JOE,19.02
BIOC,2.44
FLY,14.69
EGLT,14.48
OLN,31.99
CIVI,20.96
EOS,14.12
JHX,57.84
RRGB,85.42
PBT,8.21
TECD,56.04
LMNS,11.86
MFA,7.88
NOC,160.55
CKP,10.75
LGF,33.27
EFX,92.99
TSLA,187.59
B,40.2
EXLS,37.43
DTQ,25.19
KANG,16.64
AGCO,47.48
SEMG,82.01
HXL,51.52
TPC,23.21
PRAA,55.13
REX,61.25
RFP,17.44
RGDX,0.27
CPXX,2.57
ARDM,7.09
CACGU,10.1
DTYS,18.75
ESSX,1.26
QTWW,2.81
ANY,4.99
FCZA,10.94
BYBK,5.03
NSS,26.24
VLT,15.07
PMO,12.24
TDE,25.325
CSC,65.23
HOT,83.96
HMN,33.99
DKT,28.93
HKTV,7.0395
SJI,54.22
MCV,25.1
AHPI,1.6
MLNX,44.91
CLNT,3.41
SNFCA,5.43
MXC,5.58
UFCS,31.87
ACGL,62.61
SCLN,9.28
FXEN,1.33
IHD,9.95
SHAK,48.4
AVA,34.15
PDS,6.52
AMCO,1.17
RBPAA,1.7
FUN,58.53
PAYX,49.495
SUNE,25.1
CERU,9.9
SAFT,60.23
DENN,11.83
POPE,63.46
DXYN,9.21
UWN,1.6001
ZQK,1.78
QINC,21.65
HJV,16.79
BOOM,13.64
BMRN,123
AGX,36.28
GRO,1.1601
GRF,7.9001
ALLB,21.55
WPP,9.54
KTOS,5.76
HIO,5.34
AST,6.22
FTSM,60.04
TRIP,82.34
BXC,1.05
AMAT,23.895
BTT,21.06
CCL,47.48
IOSP,45.54
AVG,21.62
IT,83.41
PSXP,68.95
CMCM,17.46
TCP,62.19
NM^H,0
PBIP,12.69
BML^H,0
INSM,21.26
TER,18.73
NFBK,14.86
FLML,18.28
PER,7.19
SIMG,7.28
PFMT,3.39
BREW,13.58
TPX,56.87
MMP,78.03
ROK,113.23
VONG,100.98
OUTR,67.12
ICB,18.04
TU,33.33
CMS,35.2
COG,30.02
PW,8.82
NYH,12.49
BP,39.5
COT,9.34
VAR,93.06
VNRCP,22.76
WILC,5.536
ELTK,1.15
FDS,160.1
POZN,7.69
PLBC,9.38
GLQ,15.23
CHNR,1.7601
WF,25.58
TSU,16.35
CWAY,11.14
PCYG,14
MORE          ,
BEP,32.79
GBNK,16.97
AMCN,1.965
AAT,43.15
DSM,8.05
TBPH,17.14
LBTYB,52.78
TENX,3.43
KAI,53.73
PBMD,0.7299
MTOR,12.8
GXP,26.76
WFC^N,0
HELI,1.35
ARMF,20.29
EGHT,8.78
PHM,22.29
UBCP,7.9
ALR^B,0
CRI,92.25
NID,12.99
NEA,13.85
UHS,112.96
EVM,12.07
DJCO,190.49
UPS,96.54
MUR,47.64
AMD,2.79
GBL,80.44
BOTA,2.36
GYC,21.63
HLS,44.2
NTAP,35.27
IOC,45.25
KWEB,34.02
BNS,50.3
KIN,7.34
FMY,14.88
ANCX,18.65
RIGP,12.3
VG,5.02
TDY,106.69
SWC,13.11
CMCSK,57.355
HPF,21
SCE^F,0
SWU,134.5
STI^E,0
WMLP,11.63
ASTE,43.13
JRS,11.87
GENC,10.018
LO,67.39
PPX,25.58
AGRX,9.11
SIMO,27.15
LHO^I,0
NEWR,32.62
STO,17.86
OPHC,0.92
DFS,57.63
PSA^V,0
RFT,23.65
DSLV,50.53
GTI,3.92
MDRX,11.72
LAEC,0
ANIK,41.21
IART,62.65
SINO,1.35
DCM,17.36
AAV,5.48
HDNG,11.4
ADC,33.12
UMH^A,0
FRC^C,0
TWTR,50.47
HILL,5.41
ALEX,42.59
RPRX,8.49
NTL,22.4
HHS,7.71
RNET,29.43
NOAH,23.72
MCR,8.8
MIN,4.87
TORM          ,
LAQ,20.71
ATRM,3.4
HWBK,13.48
THS,85.28
IBKR,33.83
JAH,52.57
NAII,5.36
AVIV,36.75
RQI,12.44
FCH^C,0
IHS,113.81
BZH,17.74
CNLMU,10.18
MAS,26.07
ACHN,10.56
PIY,26.08
WPZ,48.87
MAT,23.48
BR,54.9
MPX,8.75
BDN^E,0
ARAY,9.3
RICK,10.59
NRF^E,0
AMGN,166.01
SCOK,2.27
999,0.474
CSU,25.96
H,58.78
NXTD,2.95
ARG,105.09
SMP,41.59
REV,40.81
MCI,15.6
BPZ,0.153
FNTC,0
ZEN,22.57
RBS^Q,0
BWINB,23.6
HCACU,10.29
ANV,0.8553
ALG,62.24
FBHS,46.7
DOM,6.42
LVS,54.97
GJH,9.77
GBAB,22.56
FXCB,16.95
LTBR,1.0728
AZN,68.79
GOL,2.31
VPCO,1.04
ECPG,43
EPAY,28.99
AHS,23.14
AQQ,1.68
WBK,30.01
FSD,16.32
QQXT,41.13
BGI,1.12
NEWS,11.99
GJR,19.94
STV,3.75
DWRE,58.66
IND,25.71
HCJ,26.323
MDP,54.91
ABTL,14.78
LNG,77.66
CTW,26.84
GCVRZ,0.625
LEG,45.62
NMI,12.08
TOWN,16.35
PACB,5.94
ROIQW,0.25
WLRHW,0.65
AIQ,22.6
COL,96.06
NTRI,19.71
TESS,23.96
STAR^I,0
BAX,67.54
DYSL,1.44
AGIO,101.48
GLADO,25.45
AGYS,10.01
REFR,6.05
HIE,18.54
AAME,4.05
MCO,104.43
DTF,15.29
REDF,1.85
HQCL,1.8
NSLP,5.04
RGCO,20.2
BCX,9.5
WFC^T,0
NAK,0.4045
TRCH,0.3001
ONFC,19.67
TVE,25.23
QUIK,1.91
CRMT,56.12
AMBC,26.09
TITN,12.98
MHR,2.73
HH,0.48
TKF,9.65
UFPI,54.5
AEHR,2.52
ORIG,6.63
HA,21.945
FRC^E,0
GER,13.97
GAB^G,0
APD,150.09
CTRE,14.29
ISF,25.55
ARC,9.23
OAKS^A,0
FPP,1
CBO,23.99
HOMB,34.24
IFNA,60.8
EMKR,5.5
ORLY,215.3
MHK,184.66
LVNTB,40.35
CUI,5.82
BSE,13.45
HUM,177.64
BDC,92
ERS,4.47
DHF,3.65
PUK^,0
LGI,16.06
LGCY,10.46
GFNCP,108
TCPC,15.98
DWSN,4.46
SMFG,7.79
CTO,58.21
AQXP,9.2
ALL^A,0
KEP,20.75
I^A,0
ISNS,2.45
DFT,32.58
VMBS,53.44
AHT^E,0
KMT,33.54
HSY,100.89
AIXG,7.75
MMD,18.63
AAWW,47.22
SBSI,28.84
HPT,33.03
RMBS,12.63
APB,11.72
SP,22.11
JPM^E,0
PRTS,2.11
PNK,35.92
EMCI,32.16
ABIO,0.77
RSO^A,0
AMID,16.69
HIFS,98
EVJ,12.48
SEAC,8
MAA,77.32
NMS,15.32
HRS,78.59
INFN,18.49
FES,1.04
SM,52.57
UNAM,10.67
NAV,28.81
LEAF,50.8
WMK,50.19
LEN/B,
STL,13.45
CTQ,26.29
ACIW,21.86
CHYR,2.81
INNL,8.1
EOD,7.49
AMRE,26.54
STN,23.91
AWAY,31.6
DVAX,25.44
PHII,29.7
EGAN,3.08
VCSH,80.26
DGX,75.58
DGSE,1.4399
GGAC,9.67
DSS,0.415
CHDN,114.11
CUDA,38.62
RVBD,20.92
ENOC,11.59
DAL,43.26
EPM,5.94
SQM,18.43
MFA^B,0
CARA,10.12
AEB,24.27
EPD,32.63
TSNU,48.453
ANGI,6.63
MWO,25.37
ASRV,2.96
NUV,9.95
NES,3.62
RDN,16.7
BHI,63.83
TMUS^A,0
SSRI,4.81
ZAGG,8.57
CMA,45.11
VKI,11.76
ASM,1.44
BLT,13.06
SIRI,3.85
CTB,43.12
HCOM,26.17
LFL,8.4
NHC,64.58
SCSS,33.82
PHMD,1.88
MANU,15.83
FBP,6.35
AEL,29.01
RPAI^A,0
ENI,16.42
ADRE,35.238
WM,53.65
HMIN,23.84
STAG^A,0
JBLU,19.58
MCQ,25.22
ADHD,5.76
GDL^B,0
SWSH,1.77
PNC,92.5
CNQ,30.97
VSR,3.16
GGM,23.69
QAT,23
SNDK,65.135
HQH,34.68
ASRVP,27.98
CRVP,0.72
SBI,10.16
BNFT,38.26
NRX,8.18
SOCL,19.22
LSCC,6.72
OMED,25.92
RBS^M,0
AWH,40.32
SALT,2.21
KEY^G,0
GLPI,37
LBMH,3.47
WFD,7.73
ESLT,71.75
JHP,8.73
BBT^E,0
IFGL,31.93
BDE,9.83
CL,69.09
TRIB,19.26
JXSB,22.11
HMG,12.172
ASMI,48.065
MFRM,67.29
EXPR,16.63
KFH,27.76
CBSHP,25.527
BIOA,8.86
DK,40.86
MTB^,0
SAVE,75.15
SPB           ,
SBFGP,11.95
PETX,15.63
TYL,121.21
AINV,7.6
METR,26.83
CBPO,87.97
RIC,3.21
ECR,5.55
CNBKA,39.01
SYMX,1.04
VHI,6.32
AIY,25.63
CPHC,10.4
SYX,12.1
UTX^A,0
SF,55.68
OILT,0
SBCP,12.441
HNT,60.21
NCQ,0.6296
SCCO,28.91
THST,3.05
DLNG,19.48
CBOE,58.25
OIA,7.1
MC,29.77
FRC^B,0
DEL,66.24
TFSCU,10.02
OSK,48.34
CDE,4.76
TSYS,3.73
PEP,95.09
TRAK,38.37
FMNB,8.06
SSNC,62.04
KNMD,
CBB^B,0
ZSPH,43.71
STON,29.01
SILC,40.63
RICE,21.47
CSWC,48.84
SKT,35.26
DUK,76.83
DM,40.7
LDRI,25.05
TRS,30.54
AAPL,126.69
WPRT,3.94
FMB,52.28
NRK,13.08
NXTM,17.5
RPT,18.58
BRT,7.12
ACG,7.72
VGR,22
JOUT,31.4
BIE,14.9
PCF,8.15
KEF,7.71
RSPP,25.58
THQ,20.75
CIG,4.21
MICT,2.86
JTA,13.44
FULT,12.4
RTGN,3.3505
ARI^A,0
PBFX,22.72
ENVA,20.28
MDSO,48.54
CFFI,34.45
SANWZ,0.1299
ELX,7.97
XXIA,12.205
DLB,38
ENTR,3
PGC,21.22
VGM,13.49
STNG,9.55
SHOS,7.48
PBIB,0.9
FCAM,138.44
AMTD,36.84
AIII,1.6
LADR,18.23
KRC^G,0
SYNT,50.98
NM^G,0
AVGO,133.12
APP,0.685
FDUS,16.3
BWC,31.66
STC,40.4
RSTI,24.15
FWM,5.84
FCCY,10.8
RM,14.58
ISCA,32.25
DXLG,4.83
EXP,84.08
DDT,26.385
EVDY,13.03
SRDX,26.3
GRH,0.69
RDWR,20.69
SHOO,37.49
FNJN,2.4
NBS,2.62
EMDI,54.96
ONE           ,
LYTS,8.11
PEB,46.06
TDC,44.01
CHK^D,0
SAH,24.72
PTY,15.87
FIVN,5.5
VIAS,17.47
AAP,143.75
CHMI,17.82
PTN,1
SPRT,1.59
PGP,22.45
NFG,60.74
PRTK,30.61
WRB,50.2
IVC,19.13
NRF^B,0
UBFO,5.37
DCT,34.74
IMUC,0.471
SBUX,93.02
RNR^C,0
TCFC,20.17
OI,23.37
HUBS,39.67
FTT,13.49
AIW,24.85
HART,3.67
SAMG,14.42
TLK,43.27
AAAP,
PRQR,20.96
TCBIP,25
SIM,8.18
DYN,30.3
STAR^E,0
MPC,101.76
SPEX,0.8119
MLHR,27.64
ESE,38.69
BBD,9.59
RBY,0.93
BSBR,4.64
MS^A,0
TFG,26.65
DSU,3.74
MTT,24.3
SPPRO,18.77
UZA,25.44
JFC,18.32
NIE,19.84
BSAC,22.61
RELV,1.19
WWE,13.6
ATML,8.38
C^L,0
BF/A,
UMPQ,17.19
MYF,15.56
EJ,5.58
CNLI,0
SODA,19.79
BRO,33.01
SGA,41.9
NILE,29.07
DPLO,33.53
TPI,0.4589
MYL,57.94
AXS^D,0
CRV,3.3599
WRI,35.88
BANF,62.39
AXL,25.75
GY,23.01
CRWN,4.26
AIRR,18.713
CBIN,27.798
ETRM,0.991
PPT,5.27
NFJ,16.19
LAMR,59.19
MUSA,73.47
LAKE,9.53
BMR,22.68
PRGNL,10.97
JMM,7.53
SSNI,9.04
KHI,8.91
ENL,49.76
ZINC,12.55
ROBO,26.394
SLP,6.05
WNC,14.13
RGT,8.01
EVBN,24.26
ZEP,17.07
ENZY          ,
SBH,34.41
ESL,113.37
IMMY,8.186
EDN,16.83
RCKY,21.75
MJN,101.15
LEVY,11.1
SQNM,3.93
INWK,6.79
HTR,24.24
ASPX,72.9
PESI,3.85
CFC^B,0
CTRP,58.89
CZFC,12.6
ADRU,23.499
DEPO,24.26
K,66.18
GRMN,49.07
BPOP,34.37
NCV,9.07
STRZB,34.686
FFBC,17.79
MGU,24.9
SSW^D,0
WPT,16.45
OMAB,39.63
HMNY,2.55
FTK,15.05
NKX,14.94
CSLT,7.5
MOG/A,
POL,36.63
MS^I,0
SGC,19.16
HTWO,9.7
DDD,27.47
YUME,5.21
KMPR,38.94
PBCP,12.25
TKC,11.39
KNM,18.62
CPRT,37.46
SVBL,0.1138
BBW,20
BIT,17.55
EXH,33.6
MFV,6.54
AGM^C,0
TGT,82.09
RFTA,24.7
LPSB,13.68
AXR,5.2344
PBR,6.35
MGT,0.458
NXR,14.81
WLB,27.69
AIV^A,0
SHOR,6.85
COP,63.02
NWBOW,3.85
SNH,22.06
CELG,122.15
CNET,1.5132
HRG,12.18
NMK^C,0
LGL,4.15
BMO,60.08
CASY,89.02
PLAB,8.51
ETX,17.86
ELP,11.03
SRCE,32.51
KTEC,12.922
NWY,2.49
CRH,26.18
CNMD,51.37
AXS,51.49
MAN,85.4
ICEL,8.36
ACTG,11.22
COTY,24.21
WBMD,43.98
MCHP,49.62
ITG,30.14
XRA,0.5199
OCLSW,0.23
WMC,14.38
KERX,13.84
CHKR,6.61
GRVY,0.4901
ETF,12.72
BLKB,47.04
GSF,25.83
GE,24.84
HBIO,5.48
CAMBU,9.98
ESIO,6.55
MFNC,11.4
WSM,78.74
KELYB,17.964
SCM,12.09
PFE,34.33
HFBL,19.25
JASNW,0.71
TYG^B,0
GAM,34.72
GGACR,0.16
MATW,52.28
OSIR,17.31
CRNT,1.26
GALTU,7.7
DCUA,56.77
WMGIZ,4.3399
ASH,127.36
HZNP,22.02
KWR,85.73
ENJ,25.054
CYTX,1.24
VVR,4.74
INN,14.05
VSAR,18.2
PTR,112.76
STBA,28.73
INFU,2.88
OCC,3.95
TX,17.76
FARM,25.7
SBNYW,99.5
ANAT,97.49
VTL,24.01
ALXA,2.15
ELRC,10.53
FCVA,4.35
SBRA,33.12
KFY,33.01
ARIS,3.58
FNHC,30.17
KELYA,17.5
FORR,37.05
TAL,40.83
BXMX,12.66
MDLY,10.73
WHG,60.5
DNP,10.59
GPL,0.61
GBLI,27.19
MEILW,0.11
NTRS,70.05
PSCM,41.11
BCRH,17.28
BAP,146.69
VIP,5.24
WDAY,83.41
CZWI,9.25
CTWS,36.95
TCX,19
IDSA,4.74
BBY,37.21
ASYS,11.85
AFSI,57.98
VTSS,5.29
GSIT,5.8
NEE^H,0
KRO,12.63
NVCN,8.99
FCHI,53.13
GOV,22.86
OHI,40.74
PAYC,31.66
MUS,13.54
BRCD,11.87
SYPR,2.05
TANN,25.87
TUMI,24.5
USB^N,0
MRH^A,0
EGO,4.96
MHH,8.71
DVA,80.05
TRUP,8.05
AXTA,28.64
CMRE^B,0
IXYS,12.17
WPG^H,0
CIE,9.55
PCP,209.61
HART          ,
IGR,8.98
NTG,24.06
CRDC,0.62
NWE,53.87
UTG,30.27
LITB,4.92
ACXM,19.63
BIOD,1.18
GCO,70.53
QTNT,17.05
RMD,71.39
BRS,54.35
SB^C,0
APH,58.28
IMDZ,27.96
TTP,28.48
SZMK,7.2
FET,19.87
DRE,21.76
DHY,2.78
JWN,79.55
MULT,24.18
GS^K,0
DRL,0.72
NTC,12.72
NEP,44.17
KEYS,36.61
ALLY^A,0
BKK,16.63
CLD,5.88
ATOS,1.78
EGL,30.62
APTS,10.85
IVAN,0.2892
SPKE,14.85
ASCMA,42.34
TG,20.41
RAS^B,0
TSLX,17.6
PCK,9.86
MRH,39
PAL,0.218
UBP^G,0
CVRR,21.28
AROW,27.15
MAPI,
HOTRW,0.29
AIG,54.81
USCR,34.2
LIME,2.75
SN,13.06
MTB^C,0
HOVNP,14.83
RWLK,12.53
IIM,16.09
NCTY,1.58
DE,87.6
SWI,51.26
GBSN,2.03
PSCD,53.97
ATTO,12.2
DSW,36.5
CHCI,0.93
VMC,84.22
COVS,2.02
KMPA,26.27
WFC^J,0
AEGN,18.42
NPSP,45.97
FNFV,14.17
SFUN,6.09
EME,46.46
SCHN,15.89
BIO,136.39
REN,0.5661
CALA,19.37
CAH,88.85
PSDV,3.85
GRX^A,0
REGI,9.6
GGE,17.46
AF^C,0
ENRJ^,0
CCUR,6.72
STI/WS/B,
SIGM,8.24
GAB^D,0
FLS,56.67
ADAT,0.359
RAND,4
BGSF,13
CYN,89.41
HNNA,21.3
IMOS,24.49
FAF,35.78
CAPNW,1.4769
OZRK,36.83
SPR,52.43
CRRC,24.64
ACNB,20.5
MSB,12.11
HPP,33.09
MICTW,0.6
MKTO,25.24
PUK,50.03
CFRXW,1.58
ROIC,18.13
MTEX,18.55
HMST,18.06
PBY,9.53
GOMO,3.59
CEMI,4.17
VJET,7.95
ANH^A,0
RTEC,11.21
AAXJ,63.85
TRQ,3.2
OGXI,2.08
KEM,4.2
THG,72.19
GTIM,7.76
FRC^A,0
OIBR/C,
MCHX,4.62
DTK,28.31
NCZ,8.41
GLBS,1.2
VWOB,77.9
SMT,1.195
BSPM,1.27
C^N,0
CSGP,195.36
CNXR,9.42
OXLCO,25.02
RBS^N,0
CLC,65.94
VRSK,71.53
ZIV,41.8
CANF,2.27
ABCO,51.67
ADI,60.36
NAC,15.28
CSF,39.42
RAS^C,0
IPB,27.07
ARY,25.92
PBF,33.98
FPO,11.89
MEMP,16.17
TAIT,0.9874
LPL,14.54
SGZA,25.46
VNDA,9.26
DPRX,14.1
RL,132.7
ZION,26.93
NC,53.29
RNO,2.36
BGH,20.86
ALSN,31.38
BANX,18.19
GEO,43.87
SBFG,10.5
ABRN,25.06
FIS,67.7
FIG,8.28
TVIZ,19.95
IRC^B,0
ETB,15.77
JOY,38.92
EDGW,6.9
NMY,12.77
CTHR,1.17
FOR,15.78
MDVX,4.15
ISG,25.41
PLX,1.81
SAN^B,0
NOM,15.55
TRGP,94.99
RMGN,1.57
FTSL,49.265
PEGA,21.6
RNWK,6.71
EIG,26.68
ADXSW,9.27
SSD,36.83
NTN,0.38
AE,68.97
MTS,16.97
BWINA,24
UAL,64.01
NWHM,16.51
KO,40.68
FSLR,62.515
FBC,14.61
O,51.48
ISL,17.7
MPV,12.17
CLDN,24.53
FINL,24.25
DISCA,32.51
SNC,9.6
ZB^G,0
NLY^C,0
GLV,15.27
ECC           ,
EOC,45.15
CSG,7.9
PFSI,17.05
ONTX,2.4
CFFN,12.57
AVP,7.85
CRWS,7.81
VOYA,44.01
CHK,14.35
OCR^A,0
AP,17.06
DTYL,76.15
IRC^A,0
MCK,222.71
ABR^B,0
BOSC,2.43
SYT,69.15
HTY,12.02
PCO,1.31
TCO^J,0
SVA,4.92
PJH,25.89
LUV,43.45
SAEX,3.46
LAZ,52.87
FRA,13.96
ROCK,16.03
MHLDO,52.27
SCAI,35.53
NG,3.14
MOCO,16.75
BBT^G,0
ENFC,15.6
CLNE,5.34
NIM,10.82
GAS,49.83
VRML,1.74
XNY,2
RGSE,0.25
FEIC,78.45
HCKT,8.86
PRE^E,0
FCNCA,259.04
ARWR,7.16
CMLP,14.5
CNLMR,0.31
CCK,54.16
TRV,107.11
ALKS,66.28
TAC,9.31
FMBI,17.37
GLMD,10.79
PSG,19.01
PNTA,25.04
ARNA,4.51
MBII,3.98
ARW,60.58
QRVO,78.8
TBNK,23.74
GAINO,25.372
ESS,227.12
IVH,16.41
TTEK,24
WOOF,54.22
PHI,63.18
WK,14.07
ESCRP,6.45
C^C,0
BWFG,19.5
AKR,34.75
FB,85.31
GPN,91.83
EXA,10.82
AGM^B,0
BCA,16.34
Q,67.87
MPEL,21.955
JCI,49.57
JOB,0.94
MHR^D,0
IPCM,47.08
SFST,17
FI,19.06
MFL,14.48
ISIL,14.68
ASPS,14.31
NWSA,16.11
DXM,4.46
IGC/WS,
SFS,17.65
KGJI,1.11
LNT,62.85
MDW,0.355
ALP^N,0
JJSF,104.52
CAKE,49.32
DLR,65.18
GLOG,19.48
PFBX,10.23
OCN,8.2
FRME,23.4
NDRM,13.78
QLIK,31.22
OIS,39.77
NCIT,9.86
ACW,4.9
JDD,12.13
VNR,13.89
COMT,38.7
UGI,32.51
CCRN,12.01
STML,14.74
LEJU,7.98
LOPE,45.86
FAC,2.38
GEL,46.47
CBB,3.62
PKY,17.36
DCUB,57.03
CLMS,13.2
MBLY,40.57
ATL,0.16
BHLB,27.93
VNRAP,23.5
NEPT,1.627
ACI,0.99
CCOI,35.07
KFS,5.84
AGO^E,0
GSL^B,0
UTF,22.88
SAJA,6
ED,61.15
CSS,30.62
PEB^B,0
BOOT,23.88
ECF,8.74
GRIF,31.25
USG,26.35
DTZ,26.69
TCBIL,24.95
BAC^L,0
HSEB,26.26
PCG,53.12
PIP,1.64
COHR,67.62
TWIN,17.78
RS,60.87
WNRL,28.95
MEILZ,0.056
SIX,47.69
HELE,81.45
FSL,40.39
VNRBP,21.53
TIPT,6.9
PFN,10.1
SGF,11.42
LNCE,31.17
HBANP,1368
FDIV,50.426
MOG,0
TRR,8.32
SSI,21.34
FDP,39.74
TNET,35.13
PMF,15.55
KEY,14.16
MBLX,0.6
HYF,1.915
MTZ,18.73
LSBK,13.5
SRT,7.6
SGMA,7.33
BOH,61.02
CDZI,10.02
COBZ,12.3
BDMS,14.4
COCO,0.014
AAON,23.51
KTP,18.1
SGYP,4.595
HPP^B,0
UGP,20.74
BGC,17.05
CHT,31.93
EIA,12.95
HMY,1.99
TFSCR,0.3
NMR,5.92
SAQ,25.59
EMIF,32.44
PLL,98.69
NEU,471.55
SCSC,40.74
JPW,17.25
MORE,9.34
KBIO,0.531
ICCC,6.44
IGT,17.55
GMED,25.8
PRE^F,0
BAM,53.41
ATU,24.01
MUI,14.68
TCK,13.45
LMCB,39.214
LCNB,15.34
UVSP,19.93
WTFCW,24.67
INN^B,0
CATY,27.67
HWKN,38.97
NXN,14.05
SLCA,36.27
JQC,9.05
HFC,40.37
JKHY,69.38
AGZD,48.986
TPZ,26.24
LND,2.8199
NMZ,13.84
CBDE,0.9
RPRXZ,6.0227
IDSY,6.2
FCE,0
NEE^G,0
CHSCN,27.12
ELSE,4.068
TECH,99.95
GS^J,0
VNO^G,0
PRXL,68.45
MGA,52.79
VVI,27.56
BMA,58.56
PRKR,0.8403
FRBA,6.1
SSTK,68.64
XENE,17.13
IEUS,45.04
CBD,30.43
GKNT,7.7101
BFO,15.105
BAH,29.08
GNCMA,16.09
BPY,24.38
RUSHB,24.89
KRG^A,0
UCBI,19.05
NQU,14.09
NSEC,14.06
BMI,59.87
ISH,12.26
NKTR,10.82
BBRG,14.75
NBH,15.5
DBL,24.96
ALSK,1.64
GHC,1045.2
NMK^B,0
FCAU,16.36
MSCC,35.25
RGS,16.72
PXLW,4.98
BIOS,4.48
PLTM,9.32
DSX^B,0
GB,57.11
NGHC,18.75
CIX,11.341
GFIG,5.9
NTX^C,0
CPA,98.25
MEET,1.83
FENG,5.66
NAVB,1.59
ROL,24.67
STLY,3.11
SBS,5.69
ANGO,18.22
HTCH,2.83
LANC,93.72
BANC,12.27
CMRX,38.94
BSX,17.65
NPF,13.84
MKTX,82.87
SYNA,79.28
KRFT,61.325
MHNC,26.81
WSTL,1.23
DAKP,1.88
CEE,20.83
RMP,14.58
CNDO,4.28
CEM,25.08
SYKE,25.04
KEYW,8.12
RAD,8.57
ZPIN,15.98
LPHI,0.24
OFLX,26
ROLL,76.85
MW,51.89
EDI,14.48
GNBC,10.78
FLIC,26.2
PMX,11.55
GLYC,8.2
O^F,0
ATRA,38.94
TNAV,7.99
RIBT,3.67
BGFV,13.77
STT^D,0
HFWA,16.59
COBK,13.93
NEE,104.76
FLL,1.48
ARL,5.5
USPH,47.67
TTI,6.58
SAN^A,0
RLH^A,
KINS,7.8
REXX,3.7
MTSL,1.55
ENT,14.29
OXBRW,1.25
STMP,66.33
DGRE,24.544
UTI,9.8
AOI,1.1
MGIC,6.47
BGCP,9.38
NLS,15.42
PM,76.07
JHI,17.78
AWF,12.59
CNTF,0.9999
LTS,3.86
DF,16.75
NI,44.25
MGLN,71
CPIX,6.88
CHSP^A,0
ACTS,1.51
XPL,0.74
ADTN,18.74
PSB^S,0
UVV,46.89
SCE^C,0
GNE^A,0
AEPI,54.1
SBLK,3.55
MPW,14.82
SMIT,2.6999
LEI,0.2
HNH,42.62
UAE,18.93
NBY,0.7302
FCN,37.59
STIM,
EEME,43.48
ZA,0.7499
TI,11.71
656,15.57
PNRA,164.49
CJJD,2.79
CBAN,8
DATE,5.17
NDRO,4.23
OKS,40.94
AMKR,9.18
EVI,2.93
KONA,26.51
BXP^B,0
BGT,13.49
ALLE,61.08
SWKS,96.84
CNK,44.36
FUEL,9.87
RATE,11.27
ALTV,7.24
DMF,9.65
VGIT,65.49
CACG,10.1
TROVU,17
SANW,4.5
JMT,22.69
WRN,0.4453
ALR,48.82
YOKU,12.44
NBN,9.21
NSH,35.58
KMG,27.76
ICL,7.24
SONA,11.95
GLPW,13.37
USEG,1.12
ABG,82.26
HWCC,9.59
CYTK,7.67
HTS^A,
OFG,16.47
RKT,63.43
HSBC^A,0
LLNW,3.58
QTS,36.7
QTWO,21.26
OTEX,53.94
LGIH,15.32
RRTS,24.89
PTCT,62.38
RGEN,29.39
SPWR,30.87
DTSI,34.43
KTWO,22.97
WWW,32.97
CHEF,22.26
NBBC,8.96
IOT,6.6
TFSL,14.69
MSFG,19.73
EMQ,25.87
ACC,42.84
CCXI,7.67
AJG,46.73
BML^J,0
ONNN,11.485
GAIN,7.44
CUO,18.03
LQ,23.55
SHO^D,0
PFSW,10.97
PVA,6.76
SEED,1.46
RAS^A,0
IBCP,13
AEG,7.98
KFFB,8.1001
FXENP,17.99
PSUN,2.75
OTIC,34.6
VMI,121.82
CDR,7.52
LPX,16.17
NNY,9.8
SLG,127.95
PPP,3.57
HUN,21.72
CRT,19.2
AMC,34.76
WLL,32.05
ACFC,4.04
ADS,294.58
TIS,26.32
CACQ,7.14
TCC,25.21
QQQX,18.64
NIQ,12.98
NNN,41.02
OME,14.08
FHY,14.12
CLDX,28.17
INN^C,0
STRS,13.8
UNB,25.415
SSE,4.13
CR,62.9
SOHU,53.74
SORL,3.38
NYMX,1.257
GS,192.23
VPG,16.15
TOO,21.19
TRXC,2.98
VISI,11.87
SWX,58.71
PFD,15.31
USB^A,0
FANG,73.77
CYD,20.45
EQIX,231.34
CAM,45.39
AXX,0.26
MET^A,0
BICK,23.57
GMZ,17.05
FFKT,23.25
URRE,1.33
VIAB,67.31
HLF,42.47
CNCO,7.27
GAB^H,0
RBA,24.84
ABX,12.01
LINC,2.4
ALCO,51.64
GWR,96.79
BKMU,7.33
RFIL,4.15
CASI,1.49
DGICB,22
BRKR,18.76
OSUR,6.47
ARCI,2.59
SHG,37.45
MSD,9.27
HEES,24.7
SMACR,0.29
DXCM,61.215
AMP,130.46
GFF,17.44
AWK,54.46
RDS/A,
UFS,44.75
IVR^A,0
TRIL,24.35
SANM,24.4
OSBCP,9.97
TIK,6.2599
GUT^A,0
JAXB,10.56
SGYPU,10.96
CSI,20.08
NANO,16.24
DL,16.9
PEI^B,0
SPDC,0.6299
CEA,32.3
TTMI,9.09
PJC,53.62
MVT,16.17
SLGN,57.9
GT,26.37
TREC,12.18
POWI,51.27
CVLT,44.44
PSCU,39.547
CVLY,20.04
CTIC,1.95
VCRA,9.75
GRH^C,0
BSDM,0.62
CAPL,33.14
Y,489.43
AVB,172.91
SRI,11.79
CENT,10.41
KNX,31.96
RPM,47.95
HRTG,22.14
NRF,18.39
SQNS,1.75
HDRAU,9.95
SVVC,14.24
BSD,13.88
RBS,10.27
EROC,2.36
SWK,95.54
RDIB,13.83
CCSC,6.04
MU,27.13
SQQQ,27.17
TCB^C,0
RCL,82.21
FRM,7.9
BBL,43.88
FNTCU,10.2
AFQ,26.07
ODC,33.6
AED,25.79
OXLC,14.89
ADRA,30.903
INVT,0.84
TSN,38.4
L,40.43
XRS,34.14
TCRX,25.35
PSCE,28.25
MVIS,3.44
GST^B,0
FOSL,82.8
CPT,77.63
CORE,64.63
KS,32.16
SPNC,34.35
MDC,28.23
OBAS,6.26
PSBH,7.53
MTD,325.09
SEV,8.19
CHSCP,31.5
PRI,50.75
NEE^O,0
LVLT,53.92
ASBB,20.5
BNDX,54.03
BDJ,8.19
EEA,8.64
ESCA,16.63
SOV^C,0
AR,35.35
PGNX,5.89
FWV,22.9
BPOPN,22.26
EDE,24.99
JMI           ,
WTI,5.22
IRS,19.77
GM/WS/C,
VRTA,3.82
ENZY,7.14
ANCI,2.7195
SCVL,28.99
BLIN,0.482
JRO,11.66
WG,2.96
CMI,137.02
ITRN,22.74
IDG,25.75
DRQ,68.55
FFG,62.43
DTT,0
AFW,26.93
CRME,8.56
MAB,14.61
AGI,5.82
CBL^E,0
GWRE,52.47
PIH,7.5
NM,4.17
COHU,11.37
ALL^E,0
KIM,26.38
SIFY,1.29
SIAL,138.46
THGA,25.03
ORN,8.8
FORTY,24.42
AU,9.66
INTLL,26.17
GEF,39.76
PETM,82.98
IF,7.78
ZBRA,89.56
THLD,4.06
CCJ,14.16
CLDT,29.46
EOT,21.27
ALOG,90.9
MATR,6.79
CFD,11.87
RGLS,17.45
MCRI,19.39
CHMT,26.75
JFR,11.35
TESO,11.28
MARA,6.76
GTE,2.72
SSRG,7.29
VLTC,2.5
PTNR,2.56
SGBK,30.47
MED,29.89
PMD,16.505
NNN^D,0
BME,42.32
MWE,65.42
HDY,0.7167
URZ,1.08
SNTA,1.99
LNDC,14.54
SPSC,66.54
FPXI,29.633
NAO,9.04
PX,121.01
EMXX,0.7201
GGB,3.25
CDK,47.3
AGO^F,0
SB^B,0
WHLRP,23.85
GERN,3.78
EPR^F,0
ESXB,4.37
PRPH,1.3
DHT,6.97
RVLT,1.17
LPTH,0.971
EOPN,8.59
CSPI,6.7299
IMH,13
FSCFL,25
GRFS,34.38
UCP,8.83
XNCR,15.16
EMR,55.89
AMCX,75
ASC,10.11
IPWR,9.81
TRUE,17
GSV,0.4311
AMH^C,0
ABB,21.38
SHLX,38.69
NERV,4.87
EBSB,13.15
NPI,14.03
AXPW,0.0501
TOWR,26.69
TWO,10.64
LPLA,46.33
MLI,36.15
PRU,79.45
FLEX,12.45
RLJ,31.63
DAR,14.29
QPACU,10.12
DLPH,78.85
EXAS,23.29
P,15.96
MO,50.3
EVK,5.93
RADA,2.61
IGD,8.24
WCC,69.59
SPG^J,0
LYG^A,0
FTGC,24.56
VTA,11.98
WSBC,32.98
PRFT,20.77
ELGX,16.76
HDSN,4.24
CAVM,72.23
WTW,6.91
MSCI,61.04
CEQP,6
STAG^B,0
QTM,1.56
NRCIB,32
WLH,25.5
HNSN,0.77
POWR,13.27
CTF,16.48
VKTX,
CVT,27.8
QADA,24.26
SGYPW,1.25
HL^B,0
HIVE,4.41
JCTCF,10.5
MYD,15.18
HSFC^B,0
NYCB^U,0
PLUG,2.52
EGRW,54.37
PCBK,13.38
SMMF,11.92
AVK,17.12
UHAL,335.99
SIVB,124.84
PZE,6.86
TC,1.39
MRTN,23.36
CUR,1.85
FRP,17.66
CATO,39.55
FIF,23.24
FSFR,10.9
CHSCL,27.28
FMO,25.63
AGTC,21.45
CIZ,36.1
GS^C,0
CYCCP,6.3
MNR^B,0
RITTW,0.2496
STI/WS/A,
IPHS,56.24
DISCB,34.56
BLMN,24.89
USAP,26.24
SDR,4.31
A,41.39
CERE,0.3566
CHRW,75.06
EBS,29.46
BOCA,25.55
TDI,25.05
TNH,149.8
BVN,10.55
LM,55.18
DXPS,27
RKUS,12.87
QSII,15.885
CHTR,187.68
WBB,17.8
SBSA,3.681
PSF,26.54
CZR,9.88
ANH^B,0
NVGN,4.26
CTLT,30.86
URI,91.48
TXRH,35.99
PL^B,
NSAM,24
EDUC,4.18
PHIIK,30.64
WHLM,5.3
OA,76.85
OSGB,3.99
SCL,41.61
AWRE,4.66
PSA^O,0
NYMTP,24.93
VRX,197.39
PNC^Q,0
AGC,6.69
NBHC,18.65
MPO,0.93
SLMBP,63
NCLH,54.48
STAR          ,
WWWW,19.47
DQ,27.01
ANH,5.12
AXDX,21.02
LGCYO,19.94
AIF,16.35
BGX,16.11
CPSH,2.87
GBIM,8.2
YOD,2.07
MR,27.37
C^K,0
AWI,56.04
CNIT,3.84
CS,27.66
MWIV,190
JPC,9.58
ACHC,73.53
RMAX,33.18
ADGE,0.5019
SVT,6.844
PRTO,11.38
HT^C,0
TGLS,9.01
ADMP,6.07
PAGG,28.9
GALT,3.8
MRK,56.86
CADTW,0.11
CO,5.09
INSY,57.27
WLKP,26.98
WCN,48.26
ZNH,38.37
DOW,47.9
MVO,11.59
CRMD/WS,
ANDE,41.94
EIX,62.93
ATRI,344.6
MYC,15.81
MMM,162.52
NPO,65.89
USM,36.42
EGP,60.23
TUBE,13.89
BPT,59.22
LAS,0.48
MSM,71.46
ZNGA,2.79
CRD/B,
EW,140.7
WIX,18.97
GFNSL,26
NQI,13.42
JGV,12.94
CATM,39.77
TEVA,62.54
FUND,7.4
TINY,3.09
TOUR,12.59
ABBV,57.1
BCBP,12.02
AFCB,24.6
FTCS,39.147
PATI,24.99
CBG,38.83
QQQ,105.05
CTP,4.58
VVC,44.48
CALX,8.45
JPM,59.95
WFC^Q,0
BCS^C,0
CGI,27.36
CHRS,27.18
VYFC,20.35
CCM,5.84
AKAM,72.61
C/WS/A,
PRXI,4.08
AVOL,21.56
PPS^A,0
V,65.18
ASG,5.19
NAT,12.18
IBB,355.95
MTSN,3.86
G,22.98
PNX,47.37
WY^A,0
ONE,2.56
MTBC,2.03
CSV,23.55
APC,83.86
FMX,95.09
IFEU,40.029
PLCE,63.9
NAME,9.98
NAV^D,0
GARS,14.89
WLBPZ,52.52
NRP,6.78
AMSC,0.701
DDE,1.16
SRV,4.08
VNO,110.3
SEE,45.29
SIEB,2
CVSL,2.33
VRTV,45.16
AMT^A,0
FORD,0.745
NMRX,11.36
MYI,14.19
IBTX,37.84
ICFI,43
HTGZ,25.45
MDVXW,0.7
STEM,0.992
BKD,36.76
CTIB,4.2499
MNKD,5.22
MEOH,53.77
CNLMW,0.181
PSA^Z,0
RVM,0.4999
PFH,18.064
TMP,54.39
BGY,7.11
MLVF,13.51
TXT,44.8
EMI,13
KING,16.32
NBTF,29.79
DRIV,25.99
NLY,10.44
ALV,117.88
EQR,77.56
CELP,12.77
EQC,26.72
TSS,37.96
GLT,27.08
CET,21.69
AMWD,55.65
MOS,45.47
OVTI,26.47
TEU,0.84
VAL,82.16
PSA^Y,0
DFT^A,0
ETH,27.8
BXS,23.21
IGA,11.67
ZX,1.1601
NTES,107.06
TDG,218.72
CACC,193.39
ASB,18.56
SPTN,31.55
CADTR,0.16
HYT,11.2
NRF^A,0
ORIT,14.72
MAYS,49.95
DGI,34.07
IPI,11.59
CPRX,4.27
CRY,10.28
ADMS,17.69
GHI,8.81
BSRR,16.68
NHI,71.37
CAMT,3.21
CYCC,0.96
CVV,14.3
BUI,19.76
CMCO,26.2
ASUR,6.04
TKR,42.07
VSCI,0.3501
NRO,5.41
INO,8.73
MNI,1.87
PAGP,28.05
RDCM,9.95
MCEP,5.82
SLRA,24.69
EFOI,5.17
TAST,8.43
LG,51.64
CRESW,0.029
SPB,89.12
ZIONZ,2.3
LPI,13.4
SNHY,40.48
WIT,13.14
SZYM,2.87
COR,49.69
BAC^Z,0
GIB,42.48
WTS,55.05
CATYW,7.2
SEAS,19.51
PGRE,19.08
WBAI,10.42
RCG,1.1199
ERIC,12.95
UN,41.96
SNAK,11.1
VNET,17.11
CLMT,25.94
AHT,9.62
AOD,8.88
MCS,21.59
FBS^A,0
SWHC,12.52
IMAX,33.53
PNW,64.04
ARRS,30.095
FRO,2.24
DNY,21.22
ADMA,9.845
OPWR,10.24
PPS,56.27
POT,32.24
PDM,18.61
EPR,60.11
PTEN,19.34
CARZ,41.04
SCE^B,0
SGY,14.76
LIQT,0.7354
XRAY,50.26
EVN,13.88
RLH,6.73
UTL,34.94
DMND,32.25
IQI,12.61
TNP,8.41
FCE/B,
YPF,28.19
QIHU,50.95
EVT,20.55
TEAR,2
GPX,36.98
NBB,21.36
REPH,9.0301
GDO,17.83
MBFI,31.22
DFVL,65.3
FICO,90.46
CNYD,2.16
VBF,18.7
RUBI,17.43
BELFA,18.48
ISM,24.192
TACT,5.83
EBIX,30.86
LONG,17.8
VGSH,61.14
NJ,16.68
ACTA,15.64
ATVI,23.18
KYN^G,0
GEQ,19.45
THC,48.79
SBR,39.01
SA,5.78
HABT,31.66
HE^U,0
ZMH,116.19
OZM,12.65
ALL,71.29
ETN,67.58
BLIN          ,
AVH,11.36
AEIS,26.71
FRGI,66.58
EXAR,9.98
IGLD,5.4
LBRDK,54.56
MSTR,169.16
NEOT,8.15
LUK,22.3
ISRL,123
NUM,13.92
XCRA,8.89
GSH,23.6
ORMP,6.39
CVX,104.79
EMCG,24.78
MHY,5.17
HPTX,41.87
SLF,30.73
ARDX,15.13
MPG,18.77
GEOS,17.69
KSU^,0
SLTB,22.8
DAX,28.74
PCG^B,0
CLAC,9.99
BCE,42.32
CMCT,18.24
NTCT,43.29
ISIG,2.95
XRM,16.3
ODFL,75.555
SZC,21.45
QCRH,17.85
MLR,25.08
HMLP,21.6
DTUS,33.15
FMBH,21.1
GJT,17.743
STOR,23.34
MOH,66.31
FPT,13.01
ABCW,35.05
VLCCF,5
MHR^E,0
GRID,36.41
MHO,23.89
SENEB,32
SSH,4.26
HAFC,20.9
AVEO,1.44
BSI,2.85
ESEA,0.721
PFBI,15.19
NAP,14.06
KFN^,0
BBLU,1.03
LECO,65.64
EVLV,6.29
EPAM,61.4
NVR,1329.8
HBM,8.3
NMT,13.41
UA,78.8
WAB,94.2
AXAS,3.1
NVRO,47.9
MER^P,0
USAK,27.99
AXU,0.3604
CHE,119.66
GTY,18.26
SKYS,11.91
GPOR,45.18
GS^I,0
IRDMB,354.4
LMNR,23.07
PSA^P,0
VMW,82.1
SBW,11.36
GME,37.78
JMP,8.29
HRL,57.1
CETV,2.79
ZIOP,10.1
IPG,21.96
IRDM,9.53
SAN^I,0
IGTE,43.46
HBNC,22.92
CORR,6.96
SAND,3.44
RELL,8.89
CBR,4.13
EVV,14.38
FLT,152.51
ARR^A,0
TTC,69.31
BPFH,12.27
MMU,14.16
HON,103.24
LOOK,0.61
VIDI,23.83
DSCO,1.25
VTRB,25.43
GAIA,7.56
SSW^C,0
SU,29.52
SOCB,7.215
OCFC,17.45
HDRAW,0.1799
FREE,0.057
HDRA,9.54
TDIV,26.84
TCCA,25.23
FRC,56.75
CBA           ,
VSTO,43.53
CFO,37.43
BIR^A,0
WIRE,37.62
STWD,24.26
EDF,15.53
GENE,3.74
OESX,3.1
JRVR,24.29
CBU,35.29
GAB,6.5
ROIAK,3.18
SRLP,27.22
AVID,15.01
FLDM,44.21
CMTL,29.31
BBNK,26.17
MM,1.45
ATEN,4.33
ABMD,72.48
PANL,2.67
PERI,3.54
KCLI,45.8
DXR,5.79
TCPI,1.83
TV,34.19
SAP,72.41
SMPL,17.16
IEP,89.67
ESRX,84.06
LMCA,39.08
NAD,14.36
NCA,10.68
VICL,0.94
BRK/B,
DHIL,157.48
GDEF,10.37
LEA,112.05
CWBC,6.7
UNIS,3.83
FL,62.52
ENVI,1.81
DDS,137.88
BZT,26.75
HSBC,42.92
ZBB,0.67
LEN,51.85
AEC,24.7
PSO,21.51
SMBC,18.98
RTN,107.59
PTSI,58.16
TORM,6.1539
BVSN,6.01
MER^K,0
OSHC,14.79
JONE,8.74
CSQ,11.33
MEIL,0.868
ONCE,72.05
JAKK,6.71
XLNX,41.845
DISH,72.2
CYNI,4.01
TIGR,0.4
SDT,3.63
INGR,78.54
BTI,105.12
AKRX,48.16
FFNM,5.75
NCT,4.91
EOG,91.22
JTPY,2.719
NSAT,5.48
FFC,20.38
MUH,15.44
KN,18.67
FCLF,8.73
CCE,44.47
PAG,50.85
SLVO,11.66
TASR,24.24
FSIC,10.11
SE,35.73
RIF,21.14
MRO,26.64
UTMD,58
FGL,21.31
SSFN,5.56
WSTG,17.75
VLP,49.9
TCBIW,34.35
CONE,32.3
SRSC,9.39
KTF,14.05
FXCM,2.13
DPZ,100.5
HUB/B,
IPAS,1.07
CLGX,35.7
PLM,1.2899
DYNT,2.97
LENS,8.25
RYAM,15.31
CBPX,22.52
RGC,22.87
BCH,69.21
HP,68.21
TSQ,13.04
GLRI,2.43
ROIQU,10.05
CHY,14.49
CVE,17.11
DEG,22.54
EPR^C,0
ULBI,3.94
ARMK,31.45
ATSG,9.3
AXN,1.62
CTL,35.5
MIFI,4.75
AUMAW,0.45
OPY,23.45
SALM,6.37
UEC,1.49
CPHR,10.2
QKLS,2.03
HL,3.23
MUX,1.09
AFG,64.14
TSRI,4.949
FFIN,28.23
TERP,38.23
UEPS,13.5
450,3.19
WIA,11.64
ORC,13.4
CVR,32.75
TLM,7.68
FFNW,12.29
HDB,59.48
UTSI,2.69
AMSG,64.21
AFH,17.86
DGICA,15.2
WILN,2.43
RAIL,30.81
ORAN,16.08
LOXO,13.85
PWRD,18.71
SNA,147.23
FRBK,3.44
PDBC,20.1
GNRC,48.68
DGAS,19.57
EOI,13.66
TIF,86.13
ESRT,18.6
DEO,111.03
WAGE,53.13
GWPH,91.61
TCRD,12.315
FNFG^B,0
QTNTW,5.95
ESGR,144.35
BIF,8.52
BLRX,2.28
PGEM,13.43
CPLP,9.74
SIXD,8.28
IMRS,0.8685
SLAB,50.46
CYS^A,0
ACWI,61
MCGC,3.98
KRA,20.26
CELGZ,3.15
EIV,12.87
KNL,23.31
BFY,14.63
ADEP,6.29
PPC,23.755
019,0.45
ETY,11.32
ENSV,1.68
DRRX,1.67
NAZ,14.49
MERC,15.69
HSII,24.67
MDGN/WS,
CCG^A,0
HIHO,3.12
FVE,4.37
WTT,2.57
AIR,30.95
DPS,78.5
CLA,26.02
RVT,14.23
RARE,61.39
CHN,19.56
XNPT,7.27
EQC^D,0
GRAM,7.56
BEE,12.39
WDFC,87.64
HT^B,0
SPE,15.37
BK^C,0
BNCN,17.9
ATO,55.82
DW,60.78
ACET,22.52
BZC,10.14
MRVC,7.32
VALE/P,
MIXT,7.07
ICAD,9.32
RUSHA,27.86
ABAX,64.37
REE,0.56
PNC/WS,
APAM,46
PSCC,54.319
TGTX,15.84
MXL,8.15
DLBL,76.53
HOG,60.28
AUMAU,9.9497
ABR^A,0
NLSN,44.96
HGSH,2.486
MOLG,2.13
CALD,13.71
ZTR,13.62
STLD,19.78
RBS^I,0
IRMD,15
MZF,13.62
DAKT,10.74
CMRE,17.27
SOR,73.15
SBRAP,26.63
LOCM,0.4099
OKSB,18.05
UL,41.83
NOR,3
LXRX,1.03
NNBR,25.25
PSTI,2.85
ACAT,38.06
SKY,3.559
AIZ,61.16
KST,11.72
GOLD,72.59
PEBO,23.85
LFVN,0.795
RNR^E,0
MET^B,0
XEL,34.87
EDAP,3.78
COUP,12.01
SXB,
CNSL,21.6
EEP,35.69
CLF,4.55
AKO/A,
CYT,53.89
INB,11.944
GROW,2.85
DEST,15.45
REG^F,0
ZLTQ,31.22
HBP,2.86
ZNWAA,2e+05
VGGL,1.41
CADTU,10.06
TCAP,23.11
FPL,17.07
ABM,31.92
KSS,78.16
WPG^I,0
JOBS,32.3
VCF,14.484
FIVE,32.69
TGI,59.45
OFG^A,0
NYRT,10.48
ARH^C,0
ABEV,5.92
HSP,88.11
TNP^B,0
EFII,42
OFC^L,0
MBRG,18.41
BLDP,2.09
TGS,5.24
MRTX,29.11
VTTI,25.15
TCB^B,0
HLX,15.03
DTLA^,0
GPC,91.75
AWR,39.89
ONVO,3.59
VOC,5.14
GGT,9.26
ISIS,68.22
UGLD,11.54
DNOW,21.66
CMT,17.4
BTG,1.55
CBS,59.62
MPAA,27.17
IID,7.96
WCG,91.45
AIG/WS,
VMM,13.93
AVGR,10.85
AXJS,56.86
SPAN,19.42
TCON,14.41
KEN,19.649
BRK,0
DD^A,0
CRRS,0.0238
EBF,13.58
PPR,5.58
ANR,1.03
EHTH,10.44
PBH,43.7
BFS,56.93
MPLX,73.23
OAKS,10.61
BKCC,9.23
TEF,14.45
PSMT,84.2
PSA^T,0
TUP,68.9
SQBK,26.4
WRI^F,0
PSB,83.2
SBNA,23.94
IRG,5.29
CIDM,1.52
FBNK,15.65
PSTR,1.7
LOV,4.03
CLRO,10.73
BITA,50.12
KRC,75.89
DLX,68.72
TAS,0.46
BHP,46.08
VTWO,99.64
LOGM,57.84
OII,54.5
YDKN,20.59
COSI,2.76
NUAN,14.24
CORR^A,0
TAT,5.62
ECOL,49.4
ASTC,2.9701
API,0.4
RVSB,4.41
JPM^B,0
CEMP,36.45
EMCF,24.9
CINF,54.03
WEX,107.92
ORCL,42.94
ENBL,15.99
LTRPB,36.92
QIWI,24.64
TTWO,24.82
GIGM,0.795
FORM,9.29
ALP^O,0
COKE,108.88
AETI,3.51
TLYS,16.01
FTD,30.69
NEE^J,0
VA,30.36
REMY,22.305
FTI,36.96
GEH,25.47
ASB^B,0
IMKTA,48.9
IRT,9.33
BKEP,8.05
EPIQ,18.23
MNR,11.17
FFBCW,6.1148
AAIT,36.9
BCEI,24.24
CVCO,76.06
ICUI,92.65
PVTD,26.61
MGCD,6.985
OLED,46.99
CORT,5.74
BTX/WS,
IMPV,41.4
WES,65.46
ISHG,79.13
MGF,5.64
DRH,14.12
AZPN,38.91
BSET,27.67
BLVD,9.75
BMRC,51.44
PDCE,54.03
HYND,21.195
MITK,3.11
PWX,18.08
EVAL,43.885
UMC,2.38
GGT^B,0
KMI/WS,
NBO,13.86
SRC,12.21
VVUS,2.35
FGP,24.14
SKX,72.92
HURC,30.9
HCAP,12.8
MCBK,20.65
HII,140.63
NGS,20.09
KNOP,24.5
SNCR,47.3
HNI,55.36
JMI,7.62
VSI,40.82
CTRN,25.83
KUTV,0.93
EBIO,9.59
PB,52.61
ALLT,9.35
MTG,9.58
UUUU,4.51
PGI,9.51
RLYP,35.12
FBRC,23.84
ROKA,3.5
MOSY,2.23
NNN^E,0
ENRJ,1.48
CRZO,47.4
BDBD,9.54
AMPE,7.58
ECAV,
GFA,1.33
NRZ,15.2
MSBF,11.37
HMTV,13.24
PGTI,11.14
SUSQ,13.64
GOOGL,577.54
MPET,0.451
TVIX,1.7
CII,14.92
TLLP,53.29
CHSCM,25.868
NUW,17.44
TOT,49.76
GGP^A,0
GYRO,4.08
DX,8.24
CECO,5.07
PLOW,22.98
UMBF,52.07
FOF,13.06
DGLD,73.048
EMN,68.2
LLEX,0.9
BCS^D,0
RMTI,10.6
SYNC,2.37
PDT,13.99
GLOB,21.17
PNI,12.52
CAG,36.86
LRCX,78.76
POWL,33.01
BRK/A,
BONE,4.25
NATL,28.5
APF,15.895
NATH,56.29
INXN,28.59
NEN,50.2
SON,45.63
OMN,8.54
NMA,13.75
ANCB,21.86
DB,35.3
SGMO,15.28
TCCB,25.31
SSN,1.39
ESP,29.5
FPRX,22.75
LALT,23.24
BKU,33.04
PLPC,40.71
MTN,102.43
VEC,25.66
CEN,17.32
WR,38.86
ETE,63.63
SCHW^B,0
ADXS,13.24
GAI,3.71
RESI,22.01
PZB,0
TAPR,27.8
PEOP,21.72
BRID,7.85
FWRD,55.65
ANN,40.7
SDLP,12.25
BNK,18.73
SAN^C,0
EBTC,21.75
MYGN,34.77
MLP,6.02
GM/WS/A,
FULLL,25.68
VGLT,81.19
RLOG,3.22
KIQ,4.45
AOSL,8.95
MBFIP,27.655
SNDE,
GMCR,123.88
DO,26.95
HUSI^D,0
SVLC,1.12
SUBK,24.12
TREE,55.87
SIEN,17.91
CLW,67.83
STRT,73.8
ACRE,11.05
PSCI,47.33
PCG^D,0
NCR,29
NEV,15.69
MCC,8.91
NSPR,0.315
TSE,19.88
UE,23.7
EIM,12.85
WHLR,2.245
DTV,85.94
FTEK,3.1
TICC,6.9
TBBK,8.99
GAM^B,0
BHE,24.36
CVA,22.25
ASB/WS,
BHBK,13.32
MEI,46.99
VNOM,18.66
CAK,0.5381
CNOB,19.27
HCN^J,0
CCU,21.2
HFBC,12.96
CHA,65.73
OAS,14.69
SWN,22.86
LTXB,24.36
JRI,19.43
LPG,13.07
GPI,85.4
NBTB,25.1
YELP,45.5
PJS,25.19
SCI,26.25
C/WS/B,
OPTT,0.4674
CCG,6.46
FDI,14.34
SLRC,20.19
GPM,8.45
CIEN,19.16
INUV,1.88
MET,50.27
ATNI,69.4
OMAM,18.58
KONE,3.3999
GDV^A,0
UTEK,17.35
GOF,21.44
VFC,75.03
MIY,14.08
GYB,20.65
IDCC,53.5
DXPE,46.28
FLXS,30.6
DVN,61.58
TRN,34.92
ORRF,16.95
MXIM,34.955
FTR,7.39
INOD,2.6
AKBA,11.51
PSA^W,0
WSO,124.7
LNC/WS,
ARP^D,0
PRAH,28.99
YDLE,12.79
MWG,25.7
UG,18.94
BLVDU,10.051
TRGT,2.91
MYCC,18.98
BSTC,38.39
MSEX,23.06
SIVBO,25.55
EVTC,21.67
GEK,25.172
BUD,123.49
CRL,78.69
CIF,2.74
LNTH,
WAT,123.47
VFL,13.15
LNN,75.49
MGYR,8.6
CPGI,0.94
RT,6.1
BHACU,10
CACI,88.99
SNY,49.93
NEFF,10.9
RHP,61.94
PSEC,8.4
CUBE,23.98
DOVR,4.37
NVS,99.86
MTH,48.1
MIG,8.52
IM,24.72
MCBC,5.36
TKAI,11.37
LUNA,1.35
KFRC,22.36
EGAS,9.95
AEM,30.19
ATTU,10.12
IFAS,32.18
VEEV,25
PFG,51.02
CENX,13.895
OXLCN,25.299
BBF,14.3
SRNE,11.39
LHO,39.02
HOS,18.99
RECN,17.48
SPG,197.99
DDR^J,0
TRST,6.87
WRES,0.898
SPCB,8.55
EVP,12.31
SUP,19
CCFI,0
ALK,64
GNMK,13.44
PN,12.9
ESPR,102.74
PZN,8.93
CALL,7.01
IPCC,82.3
CYAN,8.83
AVHI,16.26
NZH,13.71
BMY,63.56
WEA,13.95
SCHL,40.63
MSA,49.86
GWRU,121.75
LACO,8.79
ALDW,18.82
CYN^C,0
DSWL,1.9
UPLD,6.73
MNRO,64.55
BKH,50.94
RIVR,21.75
ADUS,22.93
FEYE,40.79
HTGY,25.5
RDC,17.92
PCTY,28.61
NTGR,32.87
ISH^B,0
RDUS,40.62
FT,7.16
ZB^F,0
CLSN,2.68
TBI,24.34
CTAS,83.725
RXN,26.6
HNW,17.394
MTCN,15.05
RFI,13.76
GNE,8.06
NEOG,45.97
RAVE,13.31
SCMP,15.73
RSYS,2.25
VONV,89.759
FARO,60.06
GTWN,18.35
CHGG,7.77
EPM^A,0
AMTX,3.84
NUVA,45.6
NOA,2.81
SCYX,8.76
CBFV,19.67
EAC,4.34
AIRM,48.53
TLR,0.67
HAWK,33.78
FEN,34.41
COVR,0.99
AFGE,26.32
PBPB,13.87
MARK,4.41
OXY,74.24
GJS,18.1
RNE,15.17
SBY,16.06
AIN,39.97
OBCI,4.04
MYJ,15.3
HRC,48.72
INTT,4.08
CLNY^A,0
TRI,40.55
RF,9.46
TBIO,1.48
INTC,30.79
UMH,10.35
LPCN,7.29
DSCI,8.99
PCCC,26.35
IX,71.26
CVM,1.04
PFIN,6.84
LPT,35.78
CNAT,6.01
UAN,13.23
DNI,15.01
EROS,17.22
SXL,41.51
PCLN,1149.6
PFG^B,0
IDE,15.09
F,15.91
EFF,17.02
LTRPA,31.95
ACUR,0.7
WIFI,7.55
LIOX,5.65
RJF,56.46
INF,20.68
AAMC,202.97
LDF,10.17
BCV,20.83
VGZ,0.3099
FNGN,45.25
RJET,13.88
BWA,60.09
ICBK,20.11
BAGR,4.21
ACM,30.9
CMRE^C,0
CXE,4.9
MDM,3.77
PRA,45.9
IPXL,46.14
MGPI,13.76
FCBC,17.85
BUR,2.35
JACK,99.14
AER,44.49
MTL,1.37
CLX,109.93
USBI,8.2899
ELU,24.1
PKT,9.26
ETM,12.22
APA,60.63
VLGEA,31.44
IDI,6.92
HFFC,14.53
NTIC,18.75
DY,48.05
NVFY,2.45
BXP,139.71
JST,5
NTRSP,25.5
MQY,15.42
UEIC,56.35
FAM,11.63
AHT^D,0
STM,9.24
SIG,137.93
XON,43.28
DCTH,1.07
CMC,16.14
APDNW,1.43
CUBA,9.31
RBS^S,0
GRA,98.21
SPLS,16.41
JASO,10.09
TLI,11.2
JTP,8.63
VLO,63.45
ESV,21.34
EML,19.74
JTD,15.89
DST,110.58
TTEC,25.46
FFIC,20.31
BQH,14.42
USLM,63.65
GV,2.01
AA,13
OSTK,24.06
TPL,146
HUSI^G,0
CYBE,10.33
CRK,3.56
LLL,125.29
NU,52.54
HLM^,0
MMSI,19.28
CB,101.11
PAHC,35.67
EMMSP,12.55
MER^E,0
CFC^A,0
PSIX,64.84
SAFM,82.34
BTF,27.34
PZC,10.91
HGT,5.82
TCB,15.71
DHRM,2.97
PZG,0.981
EBAY,59.51
R,94.82
OPHT,46.48
USTR,42.09
GSAT,3.35
SMSI,1.26
EVF,6.5
AAVL,43.67
MDWD,7.11
SSWN,25.26
XOOM,14.33
HIL,3.52
SRPT,14.29
BC,51.11
VBIV,2.6
DECK,73.76
TGEN,5.19
SNHN,25
PBR/A,
EFM,25.62
DCI,37.3
CGA,1.76
MBCN,31.74
GRUB,44.57
JBK,25.17
MBI,9.2
IESC,7.98
MTDR,22.38
N,90.95
JW,0
LEU,4.822
SNBC,19.2
EVR,51
CBA,15.88
PLMT,19.25
MDU,21.38
AET,106.87
PULB,12.32
OTIV,1.49
INCY,92.81
RBIO,
ELS^C,0
JSD,17.23
DRD,1.78
CHW,8.89
NEE^C,0
FAV,8.77
ARDC,16.27
USMD,10
LKQ,24.19
BKS,23.2
CBRL,155.64
XEC,116.51
PVTB,35.41
MAV,15.46
CCI,83.72
BCS,14.94
SMLP,32.01
FCX,18.97
XOMA,3.56
MTLS,6.94
BSL,17.26
STBZ,21.01
CXW,40.35
WMT,80.71
AI,24.02
HMHC,23.75
LGND,74.6
LUX,63.25
NSPH,0.245
FISI,23.11
CRS,35.69
AVV,27.66
CWST,5.12
ESNT,23.64
RYN,26.41
DDR^K,0
NMBL,22.43
LRE,6.58
SPP,2.1
TST,1.8
HCC,56.71
STRN,5.04
VTHR,95.5
XLRN,37.34
REG^G,0
CFA,37.28
NCT^B,0
LBAI,11.49
WASH,38.57
ACP,15.16
COF/WS,
BIOL,2.09
VECO,30.7
UBIC,15.12
ASX,7.13
TNK,5.86
MGNX,31.55
THRM,49.9
BLFS,1.72
FCSC,5.29
HIG/WS,
FV,24.39
CNHI,8.31
PHX,19.99
CVU,12.24
ASA,10.43
COLM,59.79
HCSG,33.77
NGG,65.53
UBP,18.6
AMRN,2.52
HSKA,25.03
TFSC,9.6
VRTX,116.43
TUSA,26.62
HALL,10.35
LPTN,3.27
MFO,26.2
FRPH,33.53
GOODP,25.71
VRA,16.01
CNV,6.05
GS^B,0
SVU,11.46
IBKC,63.29
SMLR,3.65
BLE,15.16
SBCF,14.1
ATW,28.25
GIM,7.2
HSC,16.98
SID,1.71
NMM,11.57
KBH,15.64
SNSS,2.5
VNO^K,0
AXP,78.93
HLSS,17.33
NADL,1.2
ICLN,11.93
PFIE,1.33
VRS,1.74
PAC,66.48
FPF,22.45
ISSC,3.89
CHH,64.08
SC,23.34
PRO,24.83
CRD,0
QSR,38.38
CI,130.37
LRN,15.85
FNF,37.05
FSC,7.11
EPE,10.78
MVCB,25.2
MCA,15.65
CBF,28.03
NX,19.94
ONDK,20.47
MSN,1.35
CFR,68.58
SSW,18.32
DEJ,0.1339
EQY,26.68
GHL,40.52
EXPE,95.47
EAA,25.47
GFED,14.43
ANH^C,0
VMEM,3.87
DCA,4.51
DRAD,4.47
USA,5.8
NVET,8.16
STCK,18.82
CPE^A,0
MCZ,0.3789
TROV,6.75
JMBA,15.35
EIGI,18.64
RP,19.91
LDOS,41.98
FFHL,0.6143
ROIQ,9.92
USATP,19.67
HBNK,22.445
VIEW,1.4
NAVG,78.52
RTRX,23.61
APOL,27.99
STB,5.41
FELP,15.77
COLB,29.01
CME,97.34
NWFL,28.59
AV,16.35
YHOO,44.13
BKJ,11.4
BFR,20.6
LBTYA,52.53
AOL,38.45
ICON,35.43
TRTL,9.99
DKS,56.78
AHGP,52.24
CBNK,16.75
NYMT,7.74
SIGA,2.05
ICLDW,1.45
BKN,15.96
MGR,26.94
ZTS,46.27
MDGN,8.09
TS,28.12
GSIG,13.32
DAVE,28.73
KIM^H,0
WOOD,54.54
BRP,24.21
PRSS,3.94
OKE,48.34
MY,2.41
BTU,4.75
REI,10.89
STXS,2.04
HAL,43.82
RIT,13
HYB,9.1
MDVN,125.47
NOW,75.65
BECN,31.25
NBIX,39.9
SAL,29.77
CHL,65.32
JKS,26.71
MMLP,35.43
VSEC,83.22
DNN,0.8002
EXL,13.94
MIK,26.89
PZZA,60.63
JUNO,57.75
DXB,27.03
GCH,10.33
MER^F,0
AKER,4.09
LOCO,27.15
DRA,18.11
CHS,17.57
HQL,27.26
CIO,12.8
DGRW,31.48
IFON,2.36
UIL,51.06
IPHI,17.77
SIGI,29.23
EQM,78.24
ELLI,55.37
JMLP,16.35
BCOM,16.62
STAG,23.44
DG,75.2
OIBR,1.85
USNA,113.19
DAIO,3.42
AMBCW,13.97
ANTM,153.99
NQM,15.8
VIRC,2.6
SD,1.78
MNDO,3.2
MHF,7.81
FE,34.49
BOI,16.43
CNL,54.64
ERH,13.15
NUTR,19.69
LABC,21.09
BAMM,2.62
JMF,18.27
MNR^A,0
OFG^B,0
CYBX,65.63
NVO,54.63
IL,10.3
TRC,25.9
TVPT,16.13
GIII,112.92
WU,20.56
APPS,3.5
MDIV,21.05
MTR,20.09
ITIC,72.89
VPV,13.36
FF,10.57
ACRX,4.01
PRLS,6.96
WGL,56.06
KCC,28.5
VTIP,48.56
JNS,17.34
TCO^K,0
NXST,57.72
REGN,441.18
BBT^D,0
EVOL,8.8
BYM,14.4
GGACU,9.9
AG,5.53
EEQ,36.16
BML^L,0
NCS,17.5
IDA,63.29
ESI,6.71
MDCA,28.21
MTSC,75.13
STRP,20.02
OPOF,15.01
SMACU,10.25
GUID,5.49
MCY,57.89
PCN,15.27
AIV,38.94
EPZM,20.27
UBSH,22.42
OSN,0.6306
TWMC,3.72
DDF,10
FNB,13.15
CGG,5.74
PYT,19.707
MDAS,18.99
FHN,14.27
TRT,2.75
TLF,8.69
AIRT,24.61
ROX,1.45
CMU,4.47
GCBC,28.05
LHO^H,0
HPS,18.61
RITT,1.16
CLTX,0.8599
PEGI,29.29
PSAU,16.27
APOG,44.09
BML^I,0
I,12.06
MZOR,11.72
KYN^E,0
ALL^B,0
MANT,34.75
RIGL,3.75
PACD,3.89
FLXN,24.75
CTXS,63.8
PRE,115.14
OTTR,32.22
ERW,54.77
FN,19.18
FLIR,31.385
CUBI,24.47
OXBR,5.81
RLOC,2.96
VSTM,9.64
OSIS,74.41
PSA,195.95
SGNL,2.08
SAM,264.73
GXP^A,0
CHCO,47.45
ZN,1.72
MRGE,4.52
IVR^B,0
FSTR,45.74
AKP,13.96
AAC,30.73
CTRL,12.5
TRVN,7.3
ARI,17.24
CMN,47.38
XPLR,6.3
DUA,25.38
GNT,8.09
SR,0.91
ELON,1.09
MKC,76.28
MACK,11.54
FMC,57.02
IAF,7.08
AUQ,2.9
DSPG,11.75
DVCR,12.951
JLL,171.11
S,4.73
TDA,23.99
TSCO,84.71
FMER^A,0
NKSH,29.02
III,4.11
ORBC,5.96
ACOR,34.76
SIR,24.99
CODE,36.99
ARCX,19.14
MHE,14.17
SWZ,11.71
GALTW,1.2681
CVGI,6.56
CYOU,26.75
PFBC,28.06
HPQ,31.29
EXAC,25.28
MIE,18.88
CTCM,3.88
CRAI,31.85
OCLS,0.82
GNW,7.33
ICD,7.02
SHBI,9.2
CADT,9.67
HOFT,19.02
MDCO,28.01
IIIN,22.32
SCOR,51.42
SFBS,32.76
DXKW,22.05
AHL,47.57
ALXN,183.44
NWPX,23.12
YDIV,19
NLST,0.59
KIM^I,0
SATS,51.77
MBT,10.33
BF,0
ENLC,32.44
MCN,8.2
MDR,3.94
SUTR,0.6306
MVF,10.28
CHFN,11.99
XKE,6.1499
UZB,25.32
PSB^U,0
AXS^C,0
PCRX,85.76
TE,19.54
TNDM,12.48
AMT,96.46
NVEE,15.55
CBZ,9.37
CXP,27.16
IFF,116.97
FOXF,14.94
HMC,32.71
VR,42.12
PANW,141.53
AVL,0.239
PEB^A,0
CRM,66.08
FBSS,16.55
BLUE,121.18
EXTR,3.225
ALLY^B,0
RHI,59.33
PERF,5.41
SGEN,35.05
VNTV,37.57
VWR,25.99
DDR,18.6
TGA,3.7
DRII,33.07
XYL,35.41
AXLL,46.72
MP^D,0
BTO,23.36
AIRI,9.91
NRT,12.25
VNCE,18.49
JPI,23.52
REXI,9.08
FEMB,45.05
MTRN,38.94
CFN,60
QBAK,1.49
OLBK,15.69
IPDN,4.7601
TATT,6.8201
MOMO,10.59
UTIW,9.98
CXDC,4.85
QADB,19.8
MOBL,9.13
MRCY,15.5
DLR^G,0
EGY,2.53
MHGC,7.79
HUSI^Z,0
KALU,77.02
RYL,48.25
BDR,0.93
SUI,66.04
BJZ,15.18
ELNK,4.5
PCAR,61.9
STKL,10.75
AMIC,10.19
ARES,18.18
600,6.58
VRSN,66.57
FNRG,7.48
ECT,3.81
BMS,45.69
FPI,11.73
IBP,22.4
UFI,36.14
ANFI,8.74
RIO,41.1
PRFZ,104.13
WPG,16.44
BANR,45.4
FELE,38.39
CNX,27.73
IAE,11.33
SNV,27.95
THOR,41.63
EWBC,40.69
PWE,1.68
RDI,13.71
GDL,10.32
NPV,13.65
AB,30.93
MSZ,25.57
IBM,159.18
LDR,35.34
KAR,37.87
BDSI,14.9
NFEC,1.7601
RCS,9.37
GLF,13.32
CPSI,52.22
RST,7.69
IKGH,1.75
PNF,11.66
EEI,8.91
GCV,6.2348
CTSH,62.97
CVI,42.67
NNC,13.09
HIIQ,9.07
VSAT,60.08
FSRV,64.08
DMD,5.75
DV,34
JAZZ,181
WD,17.94
JRN,14.82
GVA,35.1
DVD,2.46
AMSF,43.22
TVC,24.935
TPH,15.15
RNST,30.07
STK,18.94
CEL,4.66
NNA,3.65
TEO,22.48
WTR,26.45
IDN,1.58
UBA,22.69
ARRY,7.85
GTXI,0.76
CTG,7.74
DAN,21.04
AEZS,0.5761
FEIM,13.24
RLGY,45.93
AGN,233.51
XL,36.89
AMZN,374.09
FUNC,8.55
PCQ,15.49
ELOS,11.98
POM,26.79
AIV^Z,0
MFG,3.57
QNST,5.95
BGCA,27.9
INPH,2.16
PF,41.05
RNN,0.712
PHT,12.98
MGM,20.88
HNR,0.4467
MGEE,44.64
HWAY,21.59
GSS,0.25
WS,15.56
STRL,4.6
BASI,1.9997
DHX,8.86
FONR,14
EOX,0.759
VALX,26.243
RDEN,15.75
ROP,169.77
KAP,25.68
NMIH,7.4
GEVA,101.68
PRCP,13.56
FLAT,62.1
MSL,14.74
AMTG^A,0
NVGS,19.68
SREV,3.1
MHNA,26.35
LODE,0.6
CASH,38.97
ASFI,8.33
GLOW,0.87
ANAC,52.21
SPRO,1.756
AGRO,10.16
GOOG,570.19
BGR,20.3
SGM,10.8
AINC,115.91
CRUS,33.56
ERB,3.51
ERA,20.91
DYN^A,0
OFS,12.29
SMTC,26.41
PRE^D,0
EVG,14.46
CSII,38.91
LCI,66.12
CENTA,11.24
KPTI,30.29
URG,0.93
PMC,26.82
SIF,22.21
AUMN,0.3902
BPFHP,26.02
BBN,22.74
FSBW,19.1
CIFC,8.14
MXE,12.51
NWBO,7.3
SPN,22.88
PGN,1.24
AEK,28.39
EHIC,9.44
VONE,95.35
IPCI,2.86
GGG,71.86
BPS,13.168
UAMY,0.69
WFM,51.42
CHOP,0.66
PPBI,16.05
RNR,100.7
IMGN,8.45
GPRO,41.83
RCPI,0.1002
REED,5.3
SGOC,0.48
LMT,198.76
LPNT,76.41
TPLM,5.07
RSE,19.07
BBDO,9.7542
PNQI,69.73
ENLK,24.95
INS,3
TEX,26.17
MMS,66.2
NGLS,41
DAC,6.47
CIT,45.2
BBGI,4.86
FSM,3.82
ZB^H,0
FSI,1.32
EV,41.73
WPX,11.19
MT,9.39
RLGT^A,0
SAGE,50.86
CMGE,19.5
NORD,23.12
FNV,49.8
LMIA,12.15
PNNT,9.07
NXK,13.54
MILL,0.63
ZUMZ,38.94
TNXP,6.15
BWS,31.97
BVA,3.85
PSEM,15.5
GPE^A,0
GUA,25.87
IMS,27.03
GPS,42.54
JGH,17.15
CIZN,18.168
TEG,72.66
CNW,43.2
GIS,56.48
KR,76.77
APSA,23.15
KYTH,49.12
SMG,67.4
QUAD,23.11
ECYT,6.56
GOGO,19.51
FMD,6.4
VNQI,56.82
LTM,70.95
WAFDW,4.41
MTSI,37.38
RBCN,3.85
ARGS,9.1
YUMA,1.06
EXAM,41.71
ASNA,14.13
BRCM,44.58
FALC,1.51
WIW,11.41
CLRBW,0.65
VDSI,21.73
ATRO,70.93
ENH^B,0
KWN,26.1
CHFC,31.26
LEO,8.36
NUE,46.31
CLI,19.13
JVA,4.96
BONT,6.49
SUNS,16.44
PPHMP,22.35
KCAP,7.18
RF^B,0
KOS,8.1
TDF,25.23
ONEQ,191.3
NXJ,13.76
GSVC,9.86
CEVA,21.58
JNJ,99.15
GJO,19.83
BT,65.65
HME,69.15
OMEX,0.6912
KKR,23.08
BCS^,0
ETV,15.01
ANET,69.62
MWV,49.09
CSTE,60.22
AEO,16.92
MVG,6.24
ISBC,11.85
WAFD,21.605
484,10.2
MCOX,3.06
QUNR,42.27
WBC,121.22
CMLS,2.86
ESBK,21.3
LMAT,8.34
GDP^D,0
JBSS,39.6
CCMP,49.5
PAM,17.76
NKA,1.89
RDHL,14.72
WETF,21.13
BCS^A,0
PICO,16.72
VMO,13.01
PTNT,2.67
INVN,15.08
HUBG,40.31
PME,2.01
VRNS,24.7
PPHM,1.35
CART,5.43
SYRG,12.53
OXFD,13.1
AAOI,14.08
FOX,34.12
UNTD,16.2
DD^B,0
PERY,23.65
HMPR,1.76
NWN,48.37
CONN,28.99
VOD,32.71
REG,67.71
CECE,11.91
GMT,58.4
BCRX,8.78
BEL,12.35
ICLD,2.2199
EMCB,71.201
BST,18
RAVN,20.23
GMLP,26.63
ISSI,18.53
KEG,1.74
EDS,1.52
DANG,8.92
FCS,18.885
TEI,10.81
HTGX,25.15
BHL,13.3
MITT,18.96
BBEP,6.24
ASEI,53.15
CCO,10.24
LSTR,67.17
CNC,70.47
HURN,66.51
HI,31.06
LXFT,50.69
ITW,96.52
MBVT,28.7
UAM,10.5
FTNT,34.15
BIN,29.35
NGVC,27.8
RZA,28.85
AMED,27.65
GNC,48.29
DEI,29.71
FITB,19.18
CRMD,9.87
CACB,4.82
ERF,10.44
NTT,30.83
SGI,8.75
UCBA,12.74
KNDI,12.85
CUB,51.27
LPSN,10.84
HCAC,9.5
AA^B,0
PFK,26.27
BFS^C,0
RSO,4.49
RIOM,2.63
HNP,49.53
EFR,14.48
DNBF,26.95
INFI,15.75
WSTC,33.72
MGH,0.2264
ARP,7.69
ARQL,2.31
ZF,15.34
RGP,23.04
TMH,58.29
NEWT,17.29
MNK,124.72
VSLR,11.99
SMRT,12.21
SOHOM,25.75
BEN,51.36
EIO,13.11
INT,57.72
SKOR,51.12
MCRL,14.9
ADM,47.43
SHPG,232.81
ALN,1.29
ZIONW,3.6857
RVNC,20.15
NXP,14.58
WBA,84.26
VIDE,2.36
GM,36.74
INTU,99.7
OEC,18.12
SWNC,49.98
ACSF,13.3
MOV,30.91
TRNO^A,0
CAPN,6.14
RGDO,1.22
TY^,0
FSS,15.96
MBSD,25.23
KYE,24.29
TRIV,10.04
VC,97.9
TOPS,1.14
DTE,81.38
GRPN,7.56
MTRX,17.93
LNKD,248.32
ORA,38.65
RNDY,4.93
KVHI,14.93
VTR,73.03
LEDS,0.7
NGHCP,25.13
EQS,1.9442
GCV^B,0
VBTX,13.91
SCG,55.67
ONB,14.22
BEBE,3.76
EQC^E,0
CRTN,3.84
AMTG,16.07
VAC,80.62
SWM,46.04
BYLK,12.464
ALIM,5.03
MMT,6.35
EEML,33.62
CAB,56.34
CRCM,7.18
OHRP,2.55
SYRX,1.15
PDFS,17.91
SGNT,23
ISD,16.33
PKOH,53.14
MITT^A,0
CYS^B,0
GGAL,24.43
BID,41.93
BNJ,16.16
STNR,47.49
MHR^C,0
CVO,2.22
GLU,18.56
ASPN,7.4
SMI,4.96
COMM,30.27
AFM,25.53
CMCSA,57.57
SRE,109.86
SDPI,3.14
CLCT,22.98
CKH,68.52
GMAN,5.5
SSS,93.41
ATHX,3.24
BABY,39.17
KBAL,10.45
BCO,27.66
CFBK,1.45
AGNCP,26.85
ESMC,1.41
DLR^F,0
BRKL,9.92
AVAV,27.17
HCN^I,0
MVC,9.51
HYH,49.72
YY,55.55
DNR,7.38
USB^M,0
LXFR,13.29
STRA,55
UBOH,15.18
RWC,6.09
SPOK,20.74
BLJ,16.05
MSP,11.986
MS^G,0
BXE,2.47
FCF,8.99
TFSCW,0.23
PYB,25.17
CUBS,26.6
CNR,0.9101
KOP,19.35
MNST,136.65
FAX,5.43
AMH^B,0
SCE^H,0
CISG,9.05
IMO,40.28
KYN^F,0
SSP,24.15
BLW,15.96
CODI,16.89
CLH,57.11
EXEL,2.74
GLNG,34.14
SHO,16.8
MYRG,31
PCG^I,0
SJW,31.42
ETP,56.34
RPRXW,8.46
IVR,15.69
PKX,53.65
MASI,31.08
WYNN,125.53
ACY,13.15
MYM,13.02
PW^A,0
OTEL,4.8684
ARKR,24.82
CWT,24.73
SFE,17.88
LJPC,21.07
GD,133.98
HSEA,26.18
UNF,118.75
CRTO,43.16
CPHD,55.53
TTOO,16.2
PLNR,6.52
AMG,214.49
REXR,15.67
STRM,3.525
APPY,0.49
NYT,13.6
SENEA,29.84
HAIN,63.46
WYY,1.29
TRMK,24.03
DIOD,30.43
FSYS,11.08
ATLC,2.17
DFVS,31.7
PVG,5.48
ATEC,1.41
CPL,13.05
MSO,6.5
TR,33.42
QLGC,14.79
TOO^A,0
STJ,65.27
PGZ,19.41
IPKW,27.15
HTD,21.27
WEBK,18.75
MG,19.17
JEC,44.31
SHLD,41.33
STAR^D,0
BHK,13.81
LBY,39.74
SPLK,57.82
SMED,6.36
OXM,74.23
MON,116.96
ROG,82.82
STAR^F,0
CH,7.59
KIM^J,0
ENZN,1.04
EGRX,40.94
EQT,82.8
VNO^L,0
CMSB,13.24
NUS,59.36
REIS,25.62
CFX,47.94
UDF,17.71
KB,35.27
BTH,7.69
SPPI,5.91
IRL,12.98
NVX,14.46
WSFSL,26.139
BPOPM,21.1
GPT,28.49
APEI,31.6
NUO,15.23
PIR,13.4
BDCV,5.13
ALE,52.79
KND,23.95
LQDT,9.9
VTN,13.83
LDP,24.127
ABDC,13.99
FRC^D,0
GTS,20.56
ENTA,34.18
XLS,24.36
FSGI,2.3
RRD,19.13
HDP,23.38
ZAYO,27.89
WBKC,24.8
DDC,17.1
PTRY,36.74
AMFW,13.29
FCT,13.84
TRMR,2.31
AHL^C,0
WBS,36.79
DWAT,10.91
SFXE,4.04
DORM,48.57
AFSD,25
ZGNX,1.44
SAIA,43.76
SCD,16.72
SHLM,47.97
EVER^A,0
STX,51.79
NTIP,2.25
PDVW,49.99
NDP,20
AUO,5
VZA,27.07
BAC^Y,0
TRW,104.98
C^J,0
RBS^L,0
SCON,1.405
OCLR,1.95
EPR^E,0
BANFP,27.78
CPS,59.74
KMDA,4.36
FOE,12.47
CSUN,1.87
STT^C,0
RXDX,10.37
COST,153.14
TMK^B,0
CF,284.14
FLR,56.77
ATAI,3.88
RMCF,13.9
HYLS,50.56
IPGP,95.58
RBS^P,0
HCHC,10.92
CCLP,18.97
ANW,14.27
ATRC,21.75
EVO,13.942
ENTL,21.09
SFG,68.47
WY,32.86
PBI^A,0
IBIO,0.74
MMAC,9.952
STZ,116.22
AMCC,5.43
NZF,14.14
IRM,36.29
IO,2.19
SSLT,12.37
MMI,37.6
CPK,50.87
MEIP,1.79
ARU,25.45
TTHI,6.8
HTBI,16.04
AMNB,22.86
BV,5.87
AFA,25.75
HSGX,9.805
PLT,52.87
HASI,18.11
ENG,1.69
WTFC,47.86
DGII,10.39
CBM,38.72
E,34.94
FEI,20.22
CBL^D,0
FEUZ,33.16
HPT^D,0
DUC,9.8
USLV,21.85
WGBS,4.43
PES,5.09
IROQ,17.25
CTX,26.348
MSJ,25.96
DERM,15.13
EVEP,14.18
CTCT,38.32
LMBS,50.86
GLUU,4.83
RMT,9.75
VLRS,11.12
HTM,0.4798
SPU,1.15
SBGI,31.49
PFX,24.75
PBM,4.67
PKI,50.6
RCII,26.81
CLWT,2.683
TA,17.51
MER^D,0
LBIX,3.42
ETO,24.8
SLI,43.8
CDW,37.83
UCTT,7.26
RESN,7.06
GABC,29.7
RBS^G,0
CVD,0
CBL,19.74
CYRN,3.05
BNSO,1.4
BRLI,35.81
OGEN,0.876
INVE,9.24
MTB,126.26
ERC,13.46
INAP,9.84
COWNL,26.49
SSYS,53.2
VTWV,89.587
CCZ,46.9
ING,14.73
DPW,0.84
FPO^A,0
CSGS,30.29
EGI,0.18
BH,417.16
CJES,11.07
SVM,1.24
SGU,7.41
AMZG,0.1982
MNTA,15.21
CSBK,14.01
GALE,1.475
HBMD,13.9
FISH,23.22
OFC,29.34
ISLE,14.83
GJP,22.24
SQBG,10.67
TXN,56.535
MILL^C,0
SMM,21.66
PKBK,12.6
GRX,11.17
TMO,132
JCS,11.78
TSRE,7.19
RDNT,8.68
SBLKL,22.25
HRB,32.32
ABR,7.09
IFMI,1.54
CW,75.12
FONE,41.11
BYFC,1.28
NPTN,6.43
CIR,55.8
AAL,53.93
NICE,60.5
EGN,65.97
DIS,105.44
NRF^C,0
NRG,23.6
AN,63.77
GRP,0
ACFN,0.5668
HVT,24.05
EMD,11.13
TM,138.48
HTWR,86.24
ULTI,167.02
RGLD,66.54
BG,83.16
CBX,1.2
EMITF,1.4099
CPTA,18.89
LBRDA,54.75
SABR,23.66
BBVA,10.3
HTA,28.08
VBND,50.61
SOFO,10.08
APU,47.1
DFS^B,0
EVER,17.99
XHR,22.62
FGB,7.561
JMPB,25.55
MMV,13.674
APL,26.63
ROST,104.02
FIX,21.04
SWH,117.25
IDXX,152.57
AFSI^A,0
PL^E,0
EVGN,8.7328
AYI,168.09
GF,15.6
THM,0.37
AGO^B,0
CPN,22.1
AZZ,46.75
OUT,29.79
PDI,29.18
EVAR,3.96
XIN,3.14
JGW,10.25
IMNP,2.15
IVZ,39.78
CREG,1.07
GSBC,38.8
CALM,37.27
JBHT,87.76
BEAV,62.14
XTLB,2.35
SYBT,34.97
JPM^D,0
VNO^I,0
NYCB,16.7
TZOO,9.53
KRG,27.92
CMG,652.53
EYEG,3.12
CCV,25.77
GLAD,9.01
BONA,7.85
NCFT,25.6
AUBN,24.9
HSIC,140.67
BTE,16.14
RH,95.72
INCR,32.99
MUA,14.24
AWP,6.88
CIM,3.14
XBKS,6.1
SFLY,45.08
BRSS,15.4
GDF,9.64
WINA,86.15
VCLT,94.74
SMAC,9.92
FEO,16.47
TYC,43.08
MTGEP,25.15
ALOT,13.75
QEPM,15.43
SLCT,7
ADPT,48.59
RCI,33.83
SNI,68.72
EYES,13.65
WFE^A,0
CTU,26.507
LLTC,47.7
NEO,4.81
WYN,90.51
WGO,20.94
ENPH,12.25
GMK,51.87
KFX,7.5
GK,73.36
HES,69.18
NFLX,413.12
TRF,9.97
EEMA,61.03
GDP,3.51
FNLC,17.06
PSCH,68.53
AFSI^C,0
CNO,17.13
CRDI,0
LMNX,16.08
MTX,73.38
ALDX,10.61
MN,12.99
MS^E,0
AGM,32.39
WGP,60.35
CVGW,52.6
GTLS,34.64
SCQ,25.3
HBOS,26.97
YUM,78.84
HBHC,29.6
ACN,93.56
GSL,5.41
HHY,8.85
KTCC,10.16
ABCD,3.2
CZZ,6.8
WHZ,5.65
RDY,56.74
HTZ,21.4
BLK,362.57
SXC,15.28
AXGN,3.54
VALE,5.58
EMO,21.02
WHLRW,0.1172
HCCI,11.89
MLNK,3.91
VSH,13.86
BRG,13.4
VSCP,2.92
ZSAN,10.06
CQH,24.17
CPG,23.09
LINE,11.78
SPPRP,7.31
ATI,29.61
GGP,29.8
IBN,10.62
DOX,53.895
BRX,26.17
HEQ,16.4
SHI,39
ABAC,1.52
USAT,2.77
AUY,3.8
BBX,18.59
CVB,10.95
WX,38.2
MTW,21.61
IRE,14.1
HRT,7.0399
ACCO,8.09
KED,29.49
INBK,18.92
OCUL,41.27
ERJ,30.62
HTGC,13.6
ASMB,13.71
EXPD,49.32
JBN,16.75
ISRG,503.7
DFT^B,0
BJRI,52.16
EE,38.78
VCEL,3.61
AVNW,1.25
TRTLU,10.08
BBT,38.56
PRH,25.81
NRF^D,0
JNPR,22.5
CSL,92.59
CMP,94.1
ABCB,26.19
QCLN,18.58
EAB,24.96
SB,3.54
OC,42.27
CYBR,53.05
VISN,13.79
FAST,42.39
ODP,9.34
ENZ,3
BNY,14.67
SHLDW,25.7
MATX,41.95
STPP,34.5
SJT,12.22
EGLE,9.16
GMC,0
RY,60.42
WUBA,51.49
SPF,8.91
KEQU,17.892
COO,186.59
NEE^P,0
AMRC,7.36
ETJ,10.79
CEB,80.34
XOXO,17.7
GILT,5.9499
GSI,1
DYAX,17
WB,12.98
TRX,0.35
IBO,153.82
VZ,48.92
DGRS,30.221
TWN,16.7
NECB,6.85
ARCB,39.4
EC,15.55
KGC,2.36
PCG^C,0
OHGI,1.75
HBAN,11.02
CHUY,23.21
KTN,31.363
ITUB,11.45
IMN,4
BA,148.64
SFM,35.09
NURO,1.65
PCI,20.5
CFG,24.36
ORPN,6
GULTU,0.7583
NNI,47.89
BIP,45.14
AKS,4.41
NSR,25.21
BTX,4.93
RTK,1.09
CZNC,20.06
CBMX,2
BCC,37.35
EAE,24.04
TCI,11.27
PVTBP,26.88
FOLD,11.01
GSB,3.45
PT,0.6601
MPB,15.63
DLHC,1.979
BKYF,48.8
SEM,14.52
EBR,1.9
NL,7.79
BSQR,4.741
NGL,26.51
BWEN,4.9
IDT,18.98
AMSGP,128.84
CSOD,29.76
BPI,9.72
MAG,37.5
HOLX,32.59
Z,97.285
HRZN,13.77
RLGT,5.27
BWG,16.05
NJR,30.86
DFP,23.43
THR,24.11
SOHO,7.72
MEG,17.1
BAC^W,0
LE,35.69
UIHC,22.81
BAK,6.99
LDL,31.62
JRJC,4.58
ALU,3.73
ILMN,190.91
LCM,9.4
NXQ,14.02
LB,93.17
USDP,14.09
DRI,67.47
STAY,19.7
ORI,14.85
HMSY,16.49
PGH,3.01
SWJ,25.68
PTBI,3.02
GIFI,15.69
XGTIW,0.18
WSBF,12.85
DHR,83.9
LOGI,13.58
STRI,1.44
TAXI,9.5
PKD,3.45
AMCF,1.22
804,3.17
PCOM,10.2
LMRK,17.53
RBS^E,0
BWLD,186.99
ONTY,1.6
MPA,14.53
NVDA,21.01
FATE,5
AON,96.23
JBL,23.15
CTT,11.7
PBSK,15.35
FULL,3.545
CCNE,17.18
AL,37.99
CLS,11.02
ARR^B,0
DPG,19.85
DARA,0.82
PBHC,10.08
MORN,74.85
LZB,27.65
MS,35.97
SXT,68.16
BEAT,10.15
DUKH,25.17
COOL,1.06
GTT,18.71
CSCO,28
SLB,84.28
BYD,13.87
NEM,22.72
LNC,56.87
ESSA,12.97
CDNS,18.49
LYB,88.63
JOF,9.93
GRC,29.85
MELI,123.86
KRC^H,0
HYGS,12.88
OAK,52.5
BMTC,30.44
ATNY,1.97
AGD,10.27
GOODO,25.61
JHS,14.46
SEB,4125
ROYL,1.65
MA,86.74
AMRS,2.34
KKD,19.74
WAIR,15.24
SLM,9.38
NFX,36.09
LL,33.01
QGEN,25.125
DLR^H,0
WSR,16.02
PII,141.69
RNP,19.45
DSE,14.14
STI^A,0
PTC,36.15
EP^C,0
QCCO,2.1
WIBC,9.95
CUTR,13.71
DOV,69.42
CHXF,53.16
LH,125.88
BAC^D,0
TGE,1.95
YRCW,17.54
HYI,16.35
CIK,3.2203
CY,15.32
RIG,14.72
CPF,23.09
AIT,44.73
PTIE,1.85
ANF,22.15
BWP,16.02
CREE,38.43
FRSH,18.35
CKSW,9
ZHNE,1.27
BVX,2.354
BBRY,9.52
MAGS,5.46
ACAD,33.65
HHC,153.71
EUFN,23.54
GPK,14.51
NVG,14.44
ANIP,65.87
HGG,6.08
CCA,11.65
CLRX,1.11
MER^M,0
NMO,13.67
SLW,19.82
MHLD,14.77
CPE,7.79
WGA,0.86
ICPT,267.78
BOCH,5.58
EMF,15.41
NLY^D,0
CMK,8.5
GUT,7.17
ENS,64.6
CPB,46.57
CDI,14.45
ETR,77.69
JPM^A,0
HNRG,12.07
WEN,10.85
MMYT,22.19
PODD,31.85
IIF,28.19
GPRE,26.62
YORW,24.08
HIW,45.67
NTLS,4.8
YZC,8.55
GWGH,7.9999
PDII,1.4
PNTR,8.52
GOODN,25.55
HCAPL,25.52
ATHN,123.18
PSA^Q,0
COF^C,0
TSL,12.48
FTHI,21.03
CASM,1.32
MFRI,6.22
ATV,0.84
ATEA,1.26
WEYS,29.8
UUU,5.73
GPT^B,0
CSTM,19.45
ARPI,18.16
CMO^E,0
ARCP,9.955
VIIX,34.53
TARO,141.72
BTA,11.55
SFL,14.8
BANC^C,0
ENH,61.54
STRZA,34.64
RENN,2.45
FNSR,22.47
SUN,51.04
PAR,4.07
CMO,11.78
MIL,3.93
KMF,32.83
PMM,7.36
JBR,16.6
TAX,29.08
MSG,83.88
DD,70.98
INZ,25.78
GDV^D,0
AMOT,32.48
SPH,42.38
BAC^I,0
ACWX,45.57
FNBC,32.57
BBOX,21.69
HBI,34.18
AEH,25.41
BIIB,452.71
CRAY,30.48
LAND,12.2
GLDC,3.8399
MSCA,25.55
AM,24.42
AUDC,4.95
FRAN,16.84
STFC,24.89
TSLF,18.79
DNB,129.03
CHD,85.4
WMS,29.01
CLB,106
PRIM,17.07
SGB,13.61
EIP,13.13
ESTE,23.75
CUZ,10.51
LABL,71.15
MIC,82.43
ANAD,1.12
SCS,18.89
TBK,13.5
NCI,12.99
BRFS,19.97
NJV,14.99
AFC,25.41
GLU^A,0
PHD,11.62
WAVX,0.7
RCPT,173.44
OCIR,22.54
APWC,2.35
JPS,9.21
MX,5.61
MOBI,3.83
AMBA,72.72
CNP,20.78
PNM,29.4
INTL,29.53
PSX,79.94
VCIT,87.93
WFBI,17.25
EMES,48.95
CBK,5.92
PEB^C,0
EFSC,20.79
FCH,11.76
VLYWW,0.0321
TEDU,9.44
ALGN,55.48
AGNCB,25.3
ELMD,2.29
MAIN,30.82
CEV,13.47
SHW,285.82
USB^O,0
EARS,5.5
EXK,2.06
AKAO,10.06
MSFT,40.72
APL^E,0
SNOW,8.67
FTLB,20.74
MSI,66.67
MNRK,12.51
NPD,1.68
NQS,14.07
AEP,56.37
CYS,8.96
CBI,47.86
WCIC,23.93
CYHHZ,0.014
SOHOL,26.05
TYPE,31.74
CORI,7.1499
CDXS,4.28
WEC,49.93
LGCYP,19.95
ITRI,36.98
CTSO,14.57
MKSI,33.46
SMTX,1.444
D,71.51
NSM,25.32
VTAE,12.83
BKEPP,9.08
MOKO,4.5
NHF,7.63
BBC,33.76
NBL,48.87
LORL,68.4
LIVE,3.09
KOPN,3.67
CSRE,51.36
NTK,88.73
CAAS,6.81
SINA,32.23
PGR,26.96
CHU,16.2
IRDMZ,0.0441
RLI,52.17
IIN,7.57
DHG,14.32
TLMR,15.33
OVLY,9.8
GULF,19.88
WSFS,75.3
CADC,4.09
538,8.98
ENTG,13.85
DLBS,18.8
FCTY,7
LSG,0.8399
MUE,13.77
CVEO,2.76
ATLS,6.12
DRWI,0.5701
CAP,24.86
MXWL,7.91
ATRS,2.65
GCA,7.67
LHCG,32.4
SKUL,10.88
MELA,2.48
GLRE,32.49
SSBI,13.16
HEAR,2.11
EZPW,10.5
IPL^D,0
RSO^B,0
NTWK,5.9
TRMB,24.71
PCM,10.61
DTLK,11.91
URBN,44.75
FBMS,16.01
NBW,15.92
RSO^C,0
PBA,31.9
COB,9.6
PVH,107.4
HAS,61.49
AZO,692.93
FMI,47.59
WHX,0
NBD,21.82
NRCIA,14.31
AFMD,8
SHEN,33.22
GFN,8.37
CVTI,34.66
MAC,78.73
EFT,14.63
GPRK,4.02
CFRXZ,0.6301
BTZ,13.42
BOTJ,10.96
GZT,12.91
PSTB,7.23
SIRO,88.66
VTNR,3
WAL,29.55
VII,1.62
CAJ,35.28
SNE,27.26
STT^E,0
TRCB,8.72
CA,32.89
TQQQ,101.25
LNCO,10.15
PL^C,0
CHEV,15.8
ESD,15.73
BIS,32.39
DIT,80.5
AFSI^B,0
KYN,35.14
EZT,26.05
TFM,40.61
ADBE,75.45
KMM,8.47
PTLA,38.11
MDT,76.14
EMMS,1.94
SPAR,4.93
ELY,9.58
AAN,27.52
LNBB,17.81
SFNC,45.3
BK,40.21
PAY,34.58
WTBA,19.83
PLG,0.57
WRB^B,0
TJX,68.95
MLAB,70.56
BZM,15.01
XGTI,0.2789
NCB,16.56
EPAX,2.45
FDX,166.24
XRX,12.67
NYNY,4.56
